transaction_id,amount,time,location,device,is_new_user,transaction_type,prev_transactions,avg_amount,is_night,Class
T1,15895,14,Hyderabad,Laptop,0,Card,60,3192,0,0
T2,54986,18,Bangalore,Tablet,0,UPI,74,3544,0,0
T3,44231,7,Kolkata,Tablet,0,UPI,21,869,0,0
T4,59835,11,Hyderabad,Tablet,1,NetBanking,1,1284,0,0
T5,53807,21,Delhi,Laptop,0,NetBanking,88,574,0,0
T6,25758,9,Bangalore,Mobile,0,NetBanking,59,1075,0,0
T7,59250,14,Kolkata,Tablet,0,UPI,54,1367,0,0
T8,31651,2,Kolkata,Mobile,1,Card,6,2988,1,0
T9,80138,17,Bangalore,Tablet,1,Card,59,2161,0,0
T10,74069,8,Kolkata,Mobile,0,Card,1,1463,0,0
T11,23583,6,Delhi,Tablet,0,UPI,7,4114,0,0
T12,80177,16,Kolkata,Tablet,0,NetBanking,3,3173,0,0
T13,66657,5,Delhi,Laptop,0,Card,3,1600,1,0
T14,45858,17,Hyderabad,Laptop,0,UPI,33,4397,0,0
T15,92193,3,Mumbai,Tablet,0,Card,47,3442,1,0
T16,94763,13,Kolkata,Mobile,0,Card,61,437,0,0
T17,82898,20,Mumbai,Laptop,0,NetBanking,88,4959,0,0
T18,39199,12,Hyderabad,Tablet,0,UPI,14,3984,0,0
T19,49084,6,Mumbai,Mobile,0,Card,0,2127,0,0
T20,2795,23,Kolkata,Tablet,0,UPI,80,491,1,0
T21,14086,2,Kolkata,Laptop,0,Card,4,3661,1,0
T22,26954,8,Mumbai,Laptop,1,NetBanking,72,4975,0,0
T23,52356,15,Delhi,Mobile,0,Card,61,904,0,0
T24,96454,11,Hyderabad,Tablet,0,NetBanking,90,1670,0,0
T25,70692,2,Hyderabad,Tablet,0,Card,77,2790,1,0
T26,53092,4,Kolkata,Mobile,0,Card,13,970,1,0
T27,306,14,Mumbai,Mobile,0,UPI,76,963,0,0
T28,54368,3,Bangalore,Tablet,1,Card,22,1778,1,1
T29,33927,12,Bangalore,Mobile,0,Card,58,3414,0,0
T30,22399,1,Delhi,Mobile,0,UPI,61,3160,1,0
T31,2793,11,Delhi,Mobile,0,Card,29,2081,0,0
T32,21934,22,Hyderabad,Mobile,1,UPI,61,1406,0,0
T33,61473,19,Kolkata,Laptop,0,Card,2,809,0,0
T34,22059,8,Hyderabad,Tablet,0,Card,96,4879,0,0
T35,66299,14,Kolkata,Tablet,0,NetBanking,31,1595,0,0
T36,68940,19,Mumbai,Mobile,0,UPI,57,4759,0,0
T37,83311,6,Delhi,Laptop,0,UPI,55,3252,0,0
T38,26836,1,Mumbai,Mobile,0,NetBanking,53,954,1,0
T39,90184,0,Mumbai,Laptop,0,Card,1,1807,1,0
T40,26409,22,Hyderabad,Mobile,0,Card,74,3355,0,0
T41,12788,5,Bangalore,Tablet,0,NetBanking,97,297,1,0
T42,89145,10,Mumbai,Tablet,1,Card,15,708,0,0
T43,93484,5,Kolkata,Mobile,0,UPI,2,759,1,0
T44,2911,3,Bangalore,Mobile,0,UPI,66,246,1,0
T45,11511,6,Kolkata,Mobile,0,UPI,32,2059,0,0
T46,71395,6,Hyderabad,Laptop,1,NetBanking,0,1902,0,0
T47,8255,17,Hyderabad,Tablet,1,Card,93,3469,0,0
T48,30406,6,Delhi,Mobile,0,NetBanking,89,723,0,0
T49,16471,16,Bangalore,Mobile,0,UPI,47,3823,0,0
T50,21032,4,Bangalore,Tablet,1,NetBanking,8,3270,1,0
T51,42742,15,Kolkata,Tablet,1,Card,19,3291,0,0
T52,59140,23,Kolkata,Mobile,1,UPI,71,1545,1,1
T53,53451,19,Hyderabad,Laptop,0,NetBanking,88,198,0,0
T54,2300,17,Kolkata,Mobile,0,Card,81,3877,0,0
T55,2969,2,Kolkata,Mobile,0,NetBanking,40,4167,1,0
T56,90372,3,Bangalore,Mobile,0,UPI,20,4087,1,0
T57,58971,7,Hyderabad,Laptop,1,NetBanking,16,4835,0,0
T58,44164,15,Kolkata,Laptop,0,Card,85,3546,0,0
T59,17529,13,Kolkata,Laptop,0,Card,50,2585,0,0
T60,5995,1,Delhi,Mobile,0,NetBanking,96,1059,1,0
T61,5700,4,Bangalore,Mobile,0,NetBanking,47,4854,1,0
T62,56935,2,Delhi,Tablet,0,Card,16,1343,1,0
T63,18689,13,Kolkata,Mobile,1,NetBanking,98,1160,0,0
T64,18811,16,Hyderabad,Laptop,0,Card,94,3270,0,0
T65,66335,0,Bangalore,Mobile,0,UPI,84,3075,1,0
T66,6202,0,Mumbai,Mobile,0,UPI,17,1916,1,0
T67,32845,21,Mumbai,Mobile,0,Card,45,3963,0,0
T68,73091,14,Delhi,Laptop,1,Card,65,254,0,0
T69,10829,1,Delhi,Mobile,0,Card,32,4441,1,0
T70,54848,9,Bangalore,Laptop,1,Card,98,1941,0,0
T71,29692,23,Bangalore,Mobile,1,Card,6,4231,1,0
T72,70416,19,Delhi,Mobile,0,UPI,15,2801,0,0
T73,91183,18,Hyderabad,Tablet,0,Card,91,2874,0,0
T74,99257,18,Delhi,Laptop,0,Card,62,3361,0,0
T75,50400,21,Kolkata,Laptop,0,NetBanking,85,1815,0,0
T76,70413,5,Delhi,Mobile,0,NetBanking,59,2760,1,0
T77,80235,20,Kolkata,Tablet,0,NetBanking,4,4969,0,0
T78,66512,19,Delhi,Mobile,0,Card,98,4464,0,0
T79,17119,9,Delhi,Laptop,0,NetBanking,16,219,0,0
T80,82850,18,Hyderabad,Laptop,0,Card,54,1469,0,0
T81,90952,20,Delhi,Mobile,0,NetBanking,8,2031,0,0
T82,74840,0,Bangalore,Mobile,0,UPI,0,2949,1,0
T83,46275,21,Delhi,Laptop,0,UPI,0,3443,0,0
T84,13600,6,Mumbai,Laptop,0,NetBanking,68,2394,0,0
T85,73766,11,Mumbai,Mobile,0,Card,50,2844,0,0
T86,93568,13,Kolkata,Laptop,0,UPI,46,2241,0,0
T87,96081,19,Mumbai,Tablet,0,Card,15,2365,0,0
T88,35347,20,Delhi,Tablet,0,UPI,32,1857,0,0
T89,26746,9,Delhi,Tablet,1,Card,99,2949,0,0
T90,40258,9,Bangalore,Mobile,0,UPI,57,1731,0,0
T91,60260,23,Bangalore,Tablet,0,Card,3,3187,1,0
T92,52091,15,Bangalore,Tablet,0,UPI,91,995,0,0
T93,88323,19,Delhi,Tablet,0,NetBanking,49,3846,0,0
T94,35295,0,Delhi,Mobile,0,UPI,50,3598,1,0
T95,97956,0,Kolkata,Tablet,0,NetBanking,42,4480,1,0
T96,86127,13,Hyderabad,Mobile,0,NetBanking,34,2874,0,0
T97,93108,7,Mumbai,Laptop,0,UPI,73,1725,0,0
T98,76897,1,Delhi,Mobile,0,NetBanking,6,3367,1,0
T99,82845,20,Hyderabad,Tablet,0,NetBanking,74,512,0,0
T100,7643,3,Kolkata,Laptop,0,UPI,35,3565,1,0
T101,38856,8,Hyderabad,Mobile,0,Card,98,1222,0,0
T102,86099,3,Mumbai,Laptop,0,Card,95,1787,1,0
T103,88826,4,Delhi,Tablet,0,Card,54,2426,1,0
T104,68550,8,Bangalore,Laptop,0,UPI,61,695,0,0
T105,47059,21,Delhi,Tablet,0,UPI,18,495,0,0
T106,64032,8,Bangalore,Mobile,1,UPI,8,2602,0,0
T107,59263,13,Bangalore,Laptop,0,Card,51,3677,0,0
T108,5586,15,Mumbai,Mobile,0,NetBanking,98,4591,0,0
T109,89212,19,Delhi,Mobile,0,Card,99,3736,0,0
T110,60666,15,Hyderabad,Tablet,0,Card,52,3082,0,0
T111,88561,4,Kolkata,Laptop,0,UPI,92,4430,1,0
T112,90030,17,Mumbai,Laptop,1,UPI,8,1053,0,0
T113,72692,5,Delhi,Tablet,0,NetBanking,12,1291,1,0
T114,39181,8,Hyderabad,Tablet,1,NetBanking,65,1640,0,0
T115,88192,4,Delhi,Mobile,0,UPI,7,1488,1,0
T116,26532,21,Kolkata,Tablet,1,NetBanking,70,4412,0,0
T117,1424,3,Kolkata,Laptop,0,NetBanking,30,1910,1,0
T118,72224,11,Hyderabad,Mobile,0,Card,90,813,0,0
T119,55229,18,Bangalore,Mobile,0,Card,66,4368,0,0
T120,4848,17,Hyderabad,Mobile,0,UPI,57,555,0,0
T121,13216,8,Bangalore,Mobile,0,NetBanking,2,2096,0,0
T122,80319,16,Bangalore,Laptop,0,NetBanking,32,233,0,0
T123,67741,11,Hyderabad,Mobile,1,NetBanking,44,1952,0,0
T124,20659,21,Kolkata,Laptop,1,NetBanking,35,1350,0,0
T125,30454,19,Delhi,Laptop,0,NetBanking,46,1356,0,0
T126,52628,13,Bangalore,Laptop,0,NetBanking,0,1496,0,0
T127,68966,15,Kolkata,Laptop,0,NetBanking,74,1453,0,0
T128,11075,15,Hyderabad,Tablet,1,Card,75,767,0,0
T129,29803,3,Kolkata,Tablet,0,UPI,57,639,1,0
T130,27455,4,Kolkata,Laptop,1,NetBanking,63,2608,1,0
T131,35647,15,Mumbai,Mobile,0,NetBanking,45,3424,0,0
T132,45545,17,Bangalore,Mobile,0,Card,68,1938,0,0
T133,75772,1,Kolkata,Laptop,0,Card,29,1115,1,0
T134,61913,0,Bangalore,Mobile,0,Card,48,4258,1,0
T135,62780,21,Kolkata,Laptop,1,UPI,48,4100,0,0
T136,18117,8,Hyderabad,Mobile,0,UPI,0,504,0,0
T137,41043,22,Kolkata,Mobile,1,NetBanking,80,2856,0,0
T138,98242,4,Mumbai,Tablet,1,NetBanking,52,3736,1,1
T139,11016,9,Bangalore,Laptop,1,Card,16,2148,0,0
T140,45206,12,Delhi,Mobile,0,UPI,61,4644,0,0
T141,37844,7,Delhi,Laptop,0,UPI,91,1674,0,0
T142,14589,1,Kolkata,Mobile,0,UPI,2,4062,1,0
T143,32149,11,Mumbai,Mobile,1,NetBanking,4,3137,0,0
T144,24385,16,Delhi,Tablet,0,Card,46,3378,0,0
T145,1352,20,Hyderabad,Mobile,0,UPI,74,4630,0,0
T146,59594,5,Mumbai,Tablet,0,UPI,97,1429,1,0
T147,55493,17,Hyderabad,Laptop,0,UPI,90,2582,0,0
T148,61986,1,Mumbai,Tablet,0,UPI,37,1458,1,0
T149,70273,22,Mumbai,Tablet,0,Card,80,2280,0,0
T150,39911,9,Mumbai,Mobile,1,UPI,73,2932,0,0
T151,20063,19,Delhi,Laptop,0,NetBanking,33,4400,0,0
T152,36686,10,Bangalore,Tablet,0,Card,22,3545,0,0
T153,22515,7,Hyderabad,Laptop,0,NetBanking,3,1819,0,0
T154,41340,2,Bangalore,Laptop,1,Card,26,4288,1,0
T155,75797,18,Bangalore,Tablet,0,UPI,4,4799,0,0
T156,36768,21,Mumbai,Tablet,0,Card,0,623,0,0
T157,18877,13,Kolkata,Laptop,0,Card,77,1853,0,0
T158,81918,8,Hyderabad,Mobile,0,UPI,46,2361,0,0
T159,10578,23,Hyderabad,Laptop,1,UPI,62,4243,1,0
T160,52896,16,Bangalore,Tablet,0,NetBanking,0,2155,0,0
T161,79814,19,Hyderabad,Tablet,0,UPI,55,4921,0,0
T162,8817,22,Mumbai,Tablet,0,UPI,1,464,0,0
T163,4721,23,Bangalore,Tablet,0,NetBanking,2,1746,1,0
T164,82938,13,Mumbai,Laptop,0,Card,17,2006,0,0
T165,35954,22,Kolkata,Laptop,0,NetBanking,73,1162,0,0
T166,50548,6,Delhi,Mobile,0,Card,43,4732,0,0
T167,3696,19,Bangalore,Laptop,0,NetBanking,9,166,0,0
T168,82252,12,Hyderabad,Mobile,0,UPI,99,4306,0,0
T169,26169,1,Delhi,Laptop,0,Card,39,2572,1,0
T170,60104,5,Bangalore,Tablet,1,NetBanking,63,1861,1,1
T171,75803,12,Hyderabad,Mobile,0,NetBanking,32,1560,0,0
T172,27385,20,Bangalore,Laptop,0,NetBanking,3,3521,0,0
T173,56238,23,Mumbai,Tablet,1,UPI,2,342,1,1
T174,4424,3,Delhi,Laptop,1,Card,5,567,1,0
T175,79679,10,Hyderabad,Laptop,1,Card,5,217,0,0
T176,84571,5,Bangalore,Mobile,0,NetBanking,56,4389,1,0
T177,946,10,Hyderabad,Laptop,0,UPI,50,1241,0,0
T178,64423,18,Bangalore,Mobile,0,UPI,19,4308,0,0
T179,67684,13,Delhi,Mobile,0,Card,36,2017,0,0
T180,20718,3,Mumbai,Mobile,0,Card,2,3844,1,0
T181,59483,9,Mumbai,Tablet,0,NetBanking,9,2319,0,0
T182,39909,12,Kolkata,Mobile,0,Card,83,420,0,0
T183,1442,4,Delhi,Laptop,0,Card,8,2094,1,0
T184,93170,23,Hyderabad,Laptop,0,Card,34,3777,1,0
T185,42178,16,Hyderabad,Laptop,1,NetBanking,59,335,0,0
T186,43029,13,Mumbai,Tablet,1,UPI,74,2735,0,0
T187,73798,2,Delhi,Tablet,1,NetBanking,63,3065,1,1
T188,6051,7,Mumbai,Mobile,1,Card,13,1414,0,0
T189,86840,4,Hyderabad,Laptop,1,UPI,77,2721,1,1
T190,20711,12,Mumbai,Laptop,0,Card,17,2443,0,0
T191,59307,6,Mumbai,Mobile,0,UPI,31,3862,0,0
T192,73440,5,Bangalore,Tablet,0,UPI,62,2290,1,0
T193,9284,16,Mumbai,Tablet,1,Card,65,2097,0,0
T194,36555,7,Bangalore,Tablet,0,UPI,50,297,0,0
T195,55017,2,Hyderabad,Laptop,0,UPI,71,2135,1,0
T196,25153,6,Mumbai,Laptop,0,Card,28,2697,0,0
T197,97820,0,Delhi,Tablet,0,NetBanking,26,1050,1,0
T198,2436,3,Hyderabad,Tablet,0,Card,9,4712,1,0
T199,43972,21,Mumbai,Mobile,1,UPI,30,3328,0,0
T200,20203,4,Bangalore,Tablet,0,Card,67,2991,1,0
T201,3856,1,Mumbai,Tablet,0,UPI,35,893,1,0
T202,71415,10,Mumbai,Laptop,1,NetBanking,37,3305,0,0
T203,13099,22,Delhi,Laptop,0,UPI,45,462,0,0
T204,2543,12,Bangalore,Laptop,0,UPI,81,1084,0,0
T205,15428,14,Kolkata,Laptop,0,UPI,42,3631,0,0
T206,40015,3,Kolkata,Mobile,1,Card,4,3035,1,0
T207,53128,7,Mumbai,Tablet,0,NetBanking,91,3549,0,0
T208,55276,21,Kolkata,Laptop,0,Card,77,3467,0,0
T209,69004,21,Kolkata,Laptop,1,NetBanking,0,2961,0,0
T210,22216,20,Bangalore,Tablet,0,NetBanking,35,1305,0,0
T211,19356,0,Kolkata,Mobile,1,NetBanking,54,2808,1,0
T212,11794,8,Bangalore,Mobile,0,UPI,73,3607,0,0
T213,39324,20,Kolkata,Tablet,0,UPI,34,674,0,0
T214,63831,10,Delhi,Mobile,1,Card,6,3381,0,0
T215,8766,1,Delhi,Laptop,1,Card,42,1054,1,0
T216,70607,18,Delhi,Mobile,0,NetBanking,24,2090,0,0
T217,70935,5,Delhi,Mobile,0,UPI,32,4480,1,0
T218,94370,10,Kolkata,Mobile,0,Card,27,3220,0,0
T219,70580,19,Hyderabad,Laptop,0,NetBanking,19,3801,0,0
T220,25017,7,Bangalore,Tablet,0,NetBanking,0,1859,0,0
T221,42049,22,Kolkata,Mobile,0,UPI,55,822,0,0
T222,93601,16,Mumbai,Mobile,0,NetBanking,29,3595,0,0
T223,89206,17,Kolkata,Tablet,0,NetBanking,46,3157,0,0
T224,28965,21,Bangalore,Laptop,0,NetBanking,93,1046,0,0
T225,65255,0,Kolkata,Laptop,0,UPI,54,4995,1,0
T226,99885,18,Hyderabad,Laptop,0,NetBanking,96,154,0,0
T227,26499,17,Delhi,Mobile,1,UPI,7,932,0,0
T228,76634,2,Delhi,Laptop,0,NetBanking,58,427,1,0
T229,56473,14,Delhi,Laptop,0,Card,50,3775,0,0
T230,79211,1,Mumbai,Mobile,1,NetBanking,87,1411,1,1
T231,60635,13,Delhi,Laptop,1,NetBanking,67,264,0,0
T232,87025,22,Delhi,Laptop,1,Card,6,4525,0,0
T233,16132,22,Bangalore,Mobile,1,Card,18,1408,0,0
T234,31519,17,Kolkata,Laptop,1,NetBanking,46,3694,0,0
T235,15458,1,Mumbai,Tablet,0,NetBanking,11,1655,1,0
T236,14696,4,Delhi,Laptop,0,UPI,93,3677,1,0
T237,17871,23,Kolkata,Tablet,0,Card,29,2779,1,0
T238,67742,13,Kolkata,Mobile,0,Card,95,2868,0,0
T239,28629,18,Bangalore,Tablet,0,NetBanking,8,2699,0,0
T240,99708,6,Mumbai,Mobile,0,Card,21,2641,0,0
T241,56061,12,Bangalore,Tablet,0,Card,36,174,0,0
T242,56233,17,Hyderabad,Tablet,0,NetBanking,41,140,0,0
T243,31753,1,Delhi,Tablet,0,NetBanking,24,4783,1,0
T244,1722,20,Kolkata,Mobile,0,NetBanking,84,2174,0,0
T245,81282,5,Mumbai,Laptop,0,UPI,97,554,1,0
T246,93165,12,Delhi,Mobile,1,NetBanking,84,4897,0,0
T247,36497,1,Hyderabad,Tablet,0,Card,64,2966,1,0
T248,21272,3,Bangalore,Tablet,0,Card,28,248,1,0
T249,53102,7,Kolkata,Mobile,0,UPI,35,1236,0,0
T250,24862,6,Kolkata,Mobile,0,Card,53,4293,0,0
T251,53402,14,Kolkata,Laptop,1,NetBanking,21,1885,0,0
T252,74578,19,Kolkata,Mobile,0,UPI,80,4560,0,0
T253,38990,1,Hyderabad,Mobile,0,NetBanking,65,1624,1,0
T254,15148,7,Mumbai,Tablet,0,UPI,88,160,0,0
T255,74766,7,Kolkata,Tablet,0,UPI,38,4326,0,0
T256,28245,4,Hyderabad,Laptop,0,UPI,50,3649,1,0
T257,20681,1,Hyderabad,Mobile,0,Card,43,4190,1,0
T258,7060,16,Mumbai,Tablet,1,UPI,54,4207,0,0
T259,1441,15,Bangalore,Tablet,1,UPI,7,4162,0,0
T260,51960,16,Hyderabad,Laptop,0,NetBanking,79,809,0,0
T261,70955,17,Delhi,Laptop,0,Card,14,3742,0,0
T262,90700,12,Hyderabad,Tablet,0,Card,31,4973,0,0
T263,29811,6,Kolkata,Mobile,1,Card,25,3257,0,0
T264,94557,6,Bangalore,Tablet,0,UPI,6,4332,0,0
T265,11222,15,Mumbai,Mobile,0,Card,58,4922,0,0
T266,99904,17,Kolkata,Tablet,0,Card,38,3142,0,0
T267,37365,9,Bangalore,Mobile,0,UPI,13,1282,0,0
T268,52475,2,Mumbai,Laptop,0,UPI,44,230,1,0
T269,95502,7,Delhi,Mobile,0,Card,86,4559,0,0
T270,41098,14,Mumbai,Mobile,1,Card,3,1020,0,0
T271,7664,17,Mumbai,Tablet,0,Card,41,1231,0,0
T272,80865,1,Delhi,Tablet,0,UPI,41,645,1,0
T273,29530,12,Hyderabad,Laptop,0,NetBanking,31,3910,0,0
T274,96222,6,Delhi,Laptop,0,Card,28,2132,0,0
T275,62016,20,Mumbai,Mobile,0,NetBanking,15,3611,0,0
T276,83791,14,Bangalore,Laptop,0,NetBanking,29,1020,0,0
T277,24674,6,Mumbai,Laptop,0,UPI,64,3860,0,0
T278,2150,12,Delhi,Tablet,0,UPI,29,2133,0,0
T279,55719,17,Bangalore,Laptop,0,NetBanking,24,531,0,0
T280,90916,20,Delhi,Tablet,1,Card,72,4594,0,0
T281,80788,23,Delhi,Laptop,0,UPI,58,2141,1,0
T282,67464,4,Hyderabad,Tablet,0,NetBanking,69,906,1,0
T283,56738,13,Mumbai,Tablet,0,UPI,61,1968,0,0
T284,80197,6,Delhi,Tablet,1,UPI,58,984,0,0
T285,64854,12,Bangalore,Tablet,0,Card,97,924,0,0
T286,82956,16,Delhi,Mobile,1,NetBanking,5,1896,0,0
T287,73881,14,Mumbai,Tablet,0,UPI,8,3270,0,0
T288,62583,16,Mumbai,Mobile,0,Card,34,2837,0,0
T289,25525,16,Hyderabad,Mobile,0,NetBanking,31,4169,0,0
T290,54128,23,Delhi,Mobile,0,UPI,88,2476,1,0
T291,34801,4,Kolkata,Laptop,0,Card,55,2782,1,0
T292,97920,8,Hyderabad,Mobile,0,NetBanking,97,1455,0,0
T293,94477,8,Hyderabad,Mobile,0,Card,24,1518,0,0
T294,50206,1,Kolkata,Laptop,0,UPI,78,4233,1,0
T295,80299,4,Mumbai,Tablet,0,UPI,17,4649,1,0
T296,10003,12,Kolkata,Tablet,1,UPI,76,4788,0,0
T297,9616,18,Bangalore,Mobile,1,UPI,55,3211,0,0
T298,30661,7,Delhi,Mobile,0,NetBanking,32,1385,0,0
T299,86331,18,Hyderabad,Tablet,1,Card,91,1804,0,0
T300,33230,12,Delhi,Laptop,0,Card,41,4551,0,0
T301,86306,5,Mumbai,Tablet,0,Card,4,656,1,0
T302,74653,18,Bangalore,Mobile,1,Card,41,2819,0,0
T303,22990,20,Delhi,Laptop,0,UPI,30,2229,0,0
T304,18887,1,Bangalore,Mobile,1,Card,92,1647,1,0
T305,33162,1,Kolkata,Tablet,0,Card,45,1790,1,0
T306,66772,8,Delhi,Laptop,0,UPI,94,4895,0,0
T307,37411,23,Bangalore,Mobile,1,Card,69,2614,1,0
T308,47617,6,Bangalore,Tablet,0,UPI,95,4002,0,0
T309,1535,14,Mumbai,Mobile,1,UPI,92,377,0,0
T310,13607,19,Kolkata,Mobile,0,UPI,67,4926,0,0
T311,50292,11,Bangalore,Tablet,0,Card,9,985,0,0
T312,21053,23,Bangalore,Mobile,0,UPI,49,4899,1,0
T313,24960,11,Bangalore,Mobile,0,NetBanking,98,2528,0,0
T314,27183,6,Mumbai,Mobile,0,NetBanking,32,4099,0,0
T315,93206,10,Mumbai,Mobile,0,NetBanking,25,3653,0,0
T316,26129,1,Hyderabad,Mobile,1,UPI,80,138,1,0
T317,68978,22,Kolkata,Tablet,1,UPI,74,1923,0,0
T318,60645,14,Mumbai,Laptop,0,Card,21,3630,0,0
T319,22142,2,Delhi,Laptop,1,NetBanking,55,1088,1,0
T320,53368,14,Mumbai,Laptop,0,Card,58,4279,0,0
T321,49001,18,Hyderabad,Laptop,0,NetBanking,2,4765,0,0
T322,20082,1,Bangalore,Mobile,0,UPI,63,3156,1,0
T323,82811,11,Kolkata,Mobile,0,Card,79,3710,0,0
T324,21663,13,Mumbai,Laptop,0,Card,92,3480,0,0
T325,8811,14,Mumbai,Tablet,0,Card,49,4544,0,0
T326,82979,11,Bangalore,Laptop,0,UPI,59,4573,0,0
T327,52198,19,Mumbai,Laptop,0,UPI,24,2353,0,0
T328,11636,11,Hyderabad,Tablet,0,NetBanking,8,1116,0,0
T329,5209,20,Delhi,Tablet,0,UPI,87,683,0,0
T330,29859,12,Bangalore,Mobile,0,NetBanking,20,373,0,0
T331,26689,17,Delhi,Mobile,0,Card,94,265,0,0
T332,26243,10,Bangalore,Mobile,0,NetBanking,32,2143,0,0
T333,20681,8,Delhi,Laptop,0,NetBanking,85,3862,0,0
T334,46267,8,Kolkata,Mobile,0,Card,45,691,0,0
T335,95417,19,Hyderabad,Mobile,0,NetBanking,39,4437,0,0
T336,63583,0,Hyderabad,Laptop,0,NetBanking,32,4144,1,0
T337,83969,0,Delhi,Tablet,1,Card,25,1017,1,1
T338,52426,1,Kolkata,Tablet,1,NetBanking,89,1809,1,1
T339,75997,17,Delhi,Mobile,1,NetBanking,43,1995,0,0
T340,71726,2,Bangalore,Mobile,1,Card,8,3244,1,1
T341,26115,8,Kolkata,Tablet,0,NetBanking,7,4011,0,0
T342,26389,19,Kolkata,Laptop,0,NetBanking,6,558,0,0
T343,46263,15,Delhi,Laptop,0,NetBanking,57,121,0,0
T344,74237,2,Delhi,Laptop,0,NetBanking,59,4209,1,0
T345,15413,21,Kolkata,Laptop,0,UPI,11,3056,0,0
T346,1660,12,Bangalore,Tablet,0,UPI,18,3738,0,0
T347,52679,12,Delhi,Tablet,0,Card,52,4890,0,0
T348,92547,18,Hyderabad,Tablet,0,UPI,69,761,0,0
T349,37512,23,Delhi,Laptop,1,NetBanking,2,3071,1,0
T350,79661,18,Bangalore,Laptop,0,UPI,92,452,0,0
T351,30127,16,Mumbai,Tablet,1,NetBanking,30,2077,0,0
T352,1056,23,Mumbai,Laptop,0,Card,3,2879,1,0
T353,26063,19,Mumbai,Laptop,0,UPI,49,1812,0,0
T354,80918,8,Mumbai,Mobile,0,UPI,97,3911,0,0
T355,43685,14,Mumbai,Mobile,1,Card,5,4490,0,0
T356,12301,18,Mumbai,Tablet,0,Card,11,3814,0,0
T357,48464,17,Bangalore,Laptop,0,NetBanking,14,3014,0,0
T358,20075,3,Delhi,Mobile,1,Card,86,3469,1,0
T359,66161,13,Hyderabad,Mobile,0,UPI,36,4105,0,0
T360,4748,21,Hyderabad,Laptop,1,Card,13,4699,0,0
T361,35146,19,Kolkata,Tablet,0,Card,69,3316,0,0
T362,61372,1,Delhi,Tablet,1,UPI,4,2146,1,1
T363,13860,7,Hyderabad,Tablet,0,NetBanking,35,4496,0,0
T364,52333,2,Kolkata,Mobile,0,UPI,79,2093,1,0
T365,71360,9,Kolkata,Laptop,0,NetBanking,0,2460,0,0
T366,82595,21,Bangalore,Mobile,0,NetBanking,36,2834,0,0
T367,71752,11,Bangalore,Laptop,0,Card,43,2303,0,0
T368,83410,14,Kolkata,Laptop,0,NetBanking,60,2039,0,0
T369,20437,13,Mumbai,Laptop,0,UPI,36,1143,0,0
T370,381,0,Mumbai,Mobile,0,NetBanking,69,2632,1,0
T371,28504,4,Mumbai,Tablet,0,NetBanking,50,1329,1,0
T372,25711,9,Hyderabad,Tablet,0,NetBanking,87,225,0,0
T373,45372,17,Mumbai,Laptop,1,NetBanking,38,3349,0,0
T374,9210,11,Hyderabad,Laptop,0,Card,22,4503,0,0
T375,2069,9,Hyderabad,Mobile,0,Card,7,2133,0,0
T376,23296,5,Delhi,Laptop,1,Card,85,1298,1,0
T377,48420,22,Delhi,Laptop,1,Card,42,3585,0,0
T378,55509,17,Mumbai,Laptop,0,UPI,7,402,0,0
T379,97099,16,Mumbai,Laptop,0,NetBanking,71,4540,0,0
T380,54161,3,Mumbai,Mobile,0,Card,18,3224,1,0
T381,42387,4,Kolkata,Mobile,0,Card,61,3391,1,0
T382,69669,17,Bangalore,Tablet,0,Card,62,3332,0,0
T383,73484,15,Bangalore,Laptop,0,NetBanking,76,3330,0,0
T384,66124,10,Kolkata,Tablet,1,Card,3,1737,0,0
T385,4214,5,Mumbai,Mobile,1,UPI,12,1100,1,0
T386,25526,12,Kolkata,Tablet,1,NetBanking,87,921,0,0
T387,91836,20,Bangalore,Tablet,0,UPI,75,4189,0,0
T388,9208,18,Kolkata,Tablet,0,UPI,88,1540,0,0
T389,9027,16,Kolkata,Mobile,0,Card,89,3438,0,0
T390,76843,13,Mumbai,Mobile,0,Card,65,3089,0,0
T391,77676,2,Delhi,Tablet,0,UPI,71,2963,1,0
T392,92159,20,Hyderabad,Tablet,1,Card,24,111,0,0
T393,21736,1,Bangalore,Mobile,0,Card,78,3471,1,0
T394,46919,14,Delhi,Tablet,0,Card,86,2645,0,0
T395,27087,10,Mumbai,Laptop,0,Card,22,1114,0,0
T396,70067,14,Delhi,Mobile,0,NetBanking,14,814,0,0
T397,37014,14,Bangalore,Laptop,0,Card,12,4665,0,0
T398,37750,1,Hyderabad,Laptop,0,UPI,67,472,1,0
T399,93847,13,Delhi,Tablet,0,UPI,27,205,0,0
T400,54791,17,Mumbai,Laptop,0,Card,76,2237,0,0
T401,86465,10,Mumbai,Laptop,0,NetBanking,73,3754,0,0
T402,89122,23,Bangalore,Tablet,0,Card,60,135,1,0
T403,12249,6,Delhi,Tablet,1,Card,43,1808,0,0
T404,13773,14,Kolkata,Tablet,1,NetBanking,21,1400,0,0
T405,88889,8,Bangalore,Laptop,0,UPI,14,109,0,0
T406,76253,9,Delhi,Laptop,1,NetBanking,79,1172,0,0
T407,34184,3,Bangalore,Tablet,0,UPI,18,3783,1,0
T408,7327,6,Delhi,Tablet,0,UPI,17,3140,0,0
T409,64274,16,Delhi,Laptop,0,Card,97,4868,0,0
T410,17114,20,Kolkata,Tablet,0,Card,47,2952,0,0
T411,16114,2,Hyderabad,Mobile,0,UPI,31,1646,1,0
T412,58093,8,Delhi,Mobile,0,UPI,56,869,0,0
T413,17827,2,Delhi,Tablet,0,Card,17,4006,1,0
T414,32217,6,Hyderabad,Laptop,0,Card,74,3451,0,0
T415,29471,13,Delhi,Laptop,0,NetBanking,89,1225,0,0
T416,76429,6,Kolkata,Tablet,0,NetBanking,35,4939,0,0
T417,73479,2,Mumbai,Tablet,0,NetBanking,96,2014,1,0
T418,68108,6,Delhi,Tablet,0,UPI,48,3813,0,0
T419,70687,4,Kolkata,Tablet,0,NetBanking,31,2923,1,0
T420,56649,7,Bangalore,Mobile,0,UPI,43,2528,0,0
T421,45213,2,Bangalore,Laptop,0,UPI,1,2874,1,0
T422,19301,5,Delhi,Mobile,0,NetBanking,97,1594,1,0
T423,53463,7,Mumbai,Laptop,0,Card,57,3719,0,0
T424,42928,14,Kolkata,Tablet,0,NetBanking,79,2765,0,0
T425,88833,22,Hyderabad,Laptop,0,NetBanking,16,2031,0,0
T426,20203,19,Bangalore,Laptop,0,UPI,29,336,0,0
T427,73082,18,Delhi,Laptop,0,UPI,4,4043,0,0
T428,62811,11,Hyderabad,Laptop,0,UPI,29,248,0,0
T429,13495,5,Mumbai,Mobile,0,NetBanking,71,1866,1,0
T430,4995,0,Delhi,Mobile,0,Card,75,1623,1,0
T431,19269,13,Hyderabad,Laptop,0,NetBanking,22,1701,0,0
T432,84428,20,Delhi,Tablet,0,UPI,72,2596,0,0
T433,55214,2,Mumbai,Laptop,0,NetBanking,22,1789,1,0
T434,36135,17,Mumbai,Tablet,0,NetBanking,34,505,0,0
T435,65550,14,Delhi,Laptop,1,NetBanking,11,660,0,0
T436,12429,5,Bangalore,Laptop,1,NetBanking,34,3329,1,0
T437,60731,9,Delhi,Tablet,1,NetBanking,5,3238,0,0
T438,94131,6,Bangalore,Mobile,0,Card,72,4594,0,0
T439,24326,1,Kolkata,Tablet,0,NetBanking,34,4461,1,0
T440,5756,1,Mumbai,Mobile,0,Card,53,4359,1,0
T441,73922,13,Hyderabad,Mobile,0,UPI,79,337,0,0
T442,14816,19,Mumbai,Laptop,0,UPI,40,1148,0,0
T443,71408,20,Bangalore,Mobile,0,UPI,20,1063,0,0
T444,17020,14,Kolkata,Laptop,1,UPI,59,4323,0,0
T445,11971,12,Kolkata,Laptop,1,NetBanking,19,3136,0,0
T446,55199,5,Mumbai,Laptop,0,Card,42,4449,1,0
T447,60645,22,Mumbai,Tablet,0,Card,4,2053,0,0
T448,97133,1,Bangalore,Tablet,0,UPI,49,2050,1,0
T449,95794,8,Kolkata,Mobile,0,UPI,8,4344,0,0
T450,71084,13,Bangalore,Mobile,0,NetBanking,79,499,0,0
T451,23391,0,Delhi,Mobile,0,Card,39,2248,1,0
T452,67018,19,Hyderabad,Mobile,0,Card,35,4319,0,0
T453,57109,4,Hyderabad,Laptop,1,NetBanking,61,867,1,1
T454,51296,2,Bangalore,Tablet,0,UPI,91,3129,1,0
T455,99953,6,Bangalore,Laptop,0,NetBanking,85,3816,0,0
T456,62049,22,Hyderabad,Laptop,0,NetBanking,90,2393,0,0
T457,73394,20,Kolkata,Mobile,0,NetBanking,57,1000,0,0
T458,96420,12,Hyderabad,Mobile,0,Card,84,2485,0,0
T459,47176,12,Delhi,Tablet,0,UPI,80,3142,0,0
T460,53844,10,Delhi,Tablet,0,Card,51,4378,0,0
T461,29400,3,Hyderabad,Tablet,1,Card,81,4939,1,0
T462,73030,8,Delhi,Tablet,0,UPI,28,3593,0,0
T463,55416,9,Bangalore,Laptop,1,UPI,63,116,0,0
T464,3291,8,Mumbai,Tablet,1,UPI,1,671,0,0
T465,3731,0,Mumbai,Laptop,1,NetBanking,57,4195,1,0
T466,51531,20,Kolkata,Tablet,1,Card,33,875,0,0
T467,28702,21,Delhi,Mobile,0,NetBanking,78,4026,0,0
T468,25531,12,Kolkata,Tablet,0,NetBanking,31,2248,0,0
T469,42091,12,Bangalore,Mobile,0,Card,86,3556,0,0
T470,7888,18,Kolkata,Laptop,0,NetBanking,23,3188,0,0
T471,83688,19,Delhi,Mobile,0,NetBanking,57,2050,0,0
T472,48455,10,Hyderabad,Tablet,1,UPI,82,2646,0,0
T473,64127,18,Hyderabad,Mobile,0,UPI,4,872,0,0
T474,76395,9,Mumbai,Tablet,0,NetBanking,95,3391,0,0
T475,23988,7,Bangalore,Tablet,0,UPI,24,2476,0,0
T476,52261,14,Delhi,Mobile,0,UPI,48,1927,0,0
T477,97761,3,Mumbai,Tablet,0,UPI,40,4412,1,0
T478,61658,17,Mumbai,Laptop,0,UPI,35,751,0,0
T479,6078,7,Bangalore,Laptop,0,UPI,12,1816,0,0
T480,39171,15,Delhi,Laptop,1,Card,97,622,0,0
T481,17005,14,Hyderabad,Mobile,0,UPI,17,2330,0,0
T482,45100,7,Hyderabad,Tablet,0,UPI,88,3797,0,0
T483,93049,19,Delhi,Tablet,0,UPI,84,3343,0,0
T484,93571,18,Mumbai,Laptop,1,UPI,20,4166,0,0
T485,30941,22,Mumbai,Tablet,1,UPI,11,1356,0,0
T486,44050,17,Delhi,Laptop,0,NetBanking,20,401,0,0
T487,24011,13,Kolkata,Mobile,0,UPI,95,4451,0,0
T488,58041,21,Delhi,Mobile,1,NetBanking,21,3968,0,0
T489,49008,17,Delhi,Mobile,0,NetBanking,84,4658,0,0
T490,55831,17,Delhi,Tablet,0,NetBanking,22,4283,0,0
T491,29839,12,Bangalore,Tablet,0,NetBanking,36,1824,0,0
T492,67012,23,Kolkata,Mobile,0,Card,18,122,1,0
T493,51712,6,Bangalore,Mobile,0,NetBanking,24,3400,0,0
T494,29906,7,Kolkata,Laptop,0,Card,15,1384,0,0
T495,49766,0,Delhi,Tablet,0,Card,98,1955,1,0
T496,95181,1,Hyderabad,Laptop,0,NetBanking,9,1528,1,0
T497,36835,13,Mumbai,Laptop,0,UPI,26,3237,0,0
T498,31756,15,Mumbai,Tablet,0,NetBanking,35,2381,0,0
T499,19133,21,Bangalore,Laptop,1,NetBanking,77,1137,0,0
T500,14044,1,Bangalore,Tablet,0,UPI,19,2734,1,0
T501,36851,18,Bangalore,Tablet,1,NetBanking,69,3995,0,0
T502,23862,4,Bangalore,Laptop,0,UPI,3,1143,1,0
T503,18413,23,Hyderabad,Tablet,0,NetBanking,25,1928,1,0
T504,73545,20,Kolkata,Mobile,0,UPI,20,2185,0,0
T505,64529,3,Mumbai,Mobile,0,Card,44,2420,1,0
T506,27866,6,Kolkata,Laptop,0,NetBanking,13,3686,0,0
T507,16187,4,Hyderabad,Tablet,0,UPI,54,3047,1,0
T508,36827,23,Bangalore,Mobile,0,UPI,81,3359,1,0
T509,28831,18,Delhi,Laptop,0,NetBanking,82,4601,0,0
T510,49915,12,Kolkata,Tablet,0,Card,57,3074,0,0
T511,10358,15,Hyderabad,Tablet,0,Card,93,4378,0,0
T512,6356,22,Mumbai,Laptop,0,Card,62,1751,0,0
T513,50388,14,Hyderabad,Laptop,1,Card,44,4356,0,0
T514,59892,5,Bangalore,Mobile,0,NetBanking,46,2110,1,0
T515,30354,13,Delhi,Laptop,0,UPI,8,4797,0,0
T516,3571,4,Hyderabad,Laptop,0,Card,60,237,1,0
T517,34965,2,Delhi,Laptop,0,Card,93,2857,1,0
T518,53172,12,Hyderabad,Laptop,0,Card,18,1549,0,0
T519,25222,13,Delhi,Mobile,0,Card,68,2103,0,0
T520,2196,20,Hyderabad,Tablet,0,UPI,4,2503,0,0
T521,26301,3,Kolkata,Tablet,0,Card,38,3078,1,0
T522,94948,23,Hyderabad,Tablet,0,NetBanking,69,2956,1,0
T523,13593,13,Kolkata,Tablet,0,UPI,59,1719,0,0
T524,14075,3,Hyderabad,Tablet,0,Card,23,975,1,0
T525,37581,21,Delhi,Laptop,0,Card,34,2074,0,0
T526,19775,13,Delhi,Tablet,0,Card,79,3571,0,0
T527,9933,12,Kolkata,Tablet,0,UPI,72,1819,0,0
T528,95950,19,Mumbai,Laptop,0,UPI,56,789,0,0
T529,30782,6,Bangalore,Mobile,0,UPI,14,771,0,0
T530,8027,10,Mumbai,Tablet,1,Card,14,1043,0,0
T531,65528,9,Kolkata,Mobile,1,UPI,13,4360,0,0
T532,18845,20,Hyderabad,Laptop,0,Card,2,3770,0,0
T533,34621,4,Hyderabad,Tablet,0,Card,18,470,1,0
T534,87996,20,Bangalore,Mobile,0,NetBanking,60,524,0,0
T535,6404,17,Bangalore,Laptop,0,UPI,70,697,0,0
T536,19546,0,Hyderabad,Laptop,0,Card,60,672,1,0
T537,7621,10,Delhi,Mobile,0,Card,85,4372,0,0
T538,86644,1,Mumbai,Mobile,0,UPI,69,2757,1,0
T539,69284,9,Bangalore,Mobile,0,Card,1,3237,0,0
T540,65733,15,Bangalore,Tablet,0,Card,38,3257,0,0
T541,74171,14,Delhi,Laptop,0,UPI,59,4766,0,0
T542,48877,2,Delhi,Laptop,0,Card,62,2708,1,0
T543,37923,6,Hyderabad,Mobile,1,Card,25,1191,0,0
T544,30673,19,Delhi,Tablet,0,UPI,84,1849,0,0
T545,15039,13,Delhi,Mobile,0,NetBanking,39,2205,0,0
T546,40061,16,Delhi,Mobile,0,UPI,24,4070,0,0
T547,43051,11,Bangalore,Tablet,0,Card,98,4969,0,0
T548,64266,19,Delhi,Mobile,0,UPI,49,4502,0,0
T549,95086,23,Delhi,Laptop,0,NetBanking,7,2655,1,0
T550,33343,8,Delhi,Mobile,0,NetBanking,84,4754,0,0
T551,40946,15,Hyderabad,Tablet,1,UPI,81,4663,0,0
T552,85545,11,Delhi,Laptop,0,Card,79,3024,0,0
T553,65894,17,Bangalore,Laptop,0,UPI,32,2367,0,0
T554,85220,22,Bangalore,Mobile,0,UPI,31,787,0,0
T555,20174,4,Mumbai,Laptop,0,UPI,69,1881,1,0
T556,6006,8,Kolkata,Mobile,1,Card,45,4058,0,0
T557,54500,12,Bangalore,Mobile,1,UPI,20,769,0,0
T558,56581,3,Mumbai,Laptop,1,NetBanking,94,1694,1,1
T559,8538,4,Kolkata,Tablet,0,Card,96,2343,1,0
T560,92151,1,Hyderabad,Tablet,0,NetBanking,4,326,1,0
T561,15136,8,Mumbai,Tablet,1,NetBanking,49,745,0,0
T562,31030,11,Mumbai,Laptop,1,UPI,65,3090,0,0
T563,26575,8,Bangalore,Tablet,0,UPI,97,1254,0,0
T564,687,15,Bangalore,Laptop,0,UPI,89,289,0,0
T565,95748,20,Bangalore,Tablet,0,UPI,33,4236,0,0
T566,72086,14,Kolkata,Mobile,0,UPI,74,2426,0,0
T567,77075,21,Delhi,Laptop,0,Card,10,3009,0,0
T568,40818,2,Delhi,Laptop,0,NetBanking,15,1189,1,0
T569,37446,7,Mumbai,Mobile,0,Card,46,2058,0,0
T570,76329,8,Hyderabad,Laptop,0,NetBanking,0,3930,0,0
T571,41914,2,Kolkata,Laptop,0,UPI,24,4728,1,0
T572,72006,20,Delhi,Mobile,0,NetBanking,13,559,0,0
T573,24052,6,Hyderabad,Mobile,1,Card,76,2357,0,0
T574,50390,0,Delhi,Laptop,1,Card,90,2554,1,1
T575,58910,1,Kolkata,Laptop,0,Card,37,241,1,0
T576,2759,20,Kolkata,Tablet,0,NetBanking,34,4017,0,0
T577,22110,19,Hyderabad,Tablet,0,Card,39,4465,0,0
T578,69885,5,Delhi,Tablet,0,UPI,47,4188,1,0
T579,53430,13,Kolkata,Tablet,1,Card,41,2431,0,0
T580,5175,12,Delhi,Laptop,1,UPI,62,2910,0,0
T581,14047,22,Delhi,Mobile,0,UPI,18,3090,0,0
T582,56407,13,Hyderabad,Laptop,0,Card,52,2823,0,0
T583,31755,16,Mumbai,Mobile,0,NetBanking,63,3547,0,0
T584,64407,13,Mumbai,Laptop,0,UPI,98,3148,0,0
T585,98334,13,Kolkata,Mobile,0,NetBanking,67,167,0,0
T586,50239,7,Kolkata,Mobile,1,Card,85,4108,0,0
T587,63195,22,Bangalore,Mobile,0,NetBanking,61,2579,0,0
T588,9985,11,Mumbai,Mobile,0,NetBanking,63,4689,0,0
T589,59029,20,Kolkata,Tablet,0,NetBanking,68,1399,0,0
T590,45000,2,Kolkata,Laptop,0,Card,72,3616,1,0
T591,96236,3,Kolkata,Tablet,1,Card,97,827,1,1
T592,59971,0,Mumbai,Tablet,0,NetBanking,86,1547,1,0
T593,92591,21,Hyderabad,Tablet,0,UPI,46,626,0,0
T594,26749,19,Hyderabad,Mobile,0,Card,20,1673,0,0
T595,96119,18,Kolkata,Mobile,0,Card,70,2495,0,0
T596,31359,3,Delhi,Laptop,0,Card,44,678,1,0
T597,11193,11,Hyderabad,Tablet,1,NetBanking,33,2494,0,0
T598,11290,8,Delhi,Tablet,0,NetBanking,86,4105,0,0
T599,40297,21,Hyderabad,Tablet,0,Card,16,4975,0,0
T600,29033,7,Kolkata,Mobile,0,NetBanking,64,4636,0,0
T601,75968,12,Bangalore,Laptop,0,UPI,39,241,0,0
T602,5510,15,Hyderabad,Mobile,0,Card,55,4896,0,0
T603,54345,16,Kolkata,Mobile,0,UPI,61,1259,0,0
T604,37518,19,Mumbai,Laptop,0,Card,89,440,0,0
T605,3928,16,Hyderabad,Tablet,0,UPI,53,2529,0,0
T606,88396,8,Delhi,Tablet,1,NetBanking,48,4748,0,0
T607,33723,20,Hyderabad,Tablet,0,Card,38,282,0,0
T608,68748,6,Kolkata,Laptop,0,UPI,10,1617,0,0
T609,81654,10,Bangalore,Tablet,0,UPI,45,3728,0,0
T610,61540,7,Mumbai,Laptop,0,Card,75,4779,0,0
T611,78379,20,Bangalore,Mobile,0,Card,60,3411,0,0
T612,22532,12,Kolkata,Tablet,0,Card,91,3421,0,0
T613,81448,7,Delhi,Laptop,1,Card,45,3841,0,0
T614,35920,14,Bangalore,Mobile,0,Card,46,1975,0,0
T615,23477,17,Bangalore,Mobile,0,Card,93,3844,0,0
T616,25095,17,Bangalore,Tablet,0,Card,27,1035,0,0
T617,79031,16,Hyderabad,Mobile,0,NetBanking,14,4106,0,0
T618,71525,8,Mumbai,Mobile,0,NetBanking,50,1966,0,0
T619,74737,17,Kolkata,Laptop,0,UPI,72,870,0,0
T620,19639,5,Bangalore,Mobile,0,Card,1,1728,1,0
T621,30473,2,Delhi,Laptop,0,NetBanking,39,4108,1,0
T622,28769,11,Kolkata,Mobile,0,UPI,64,2098,0,0
T623,31805,4,Mumbai,Tablet,0,Card,48,1250,1,0
T624,73082,23,Delhi,Laptop,0,UPI,27,2424,1,0
T625,79385,10,Hyderabad,Laptop,0,NetBanking,98,3600,0,0
T626,90586,8,Delhi,Mobile,0,UPI,29,3359,0,0
T627,93647,1,Hyderabad,Tablet,0,Card,66,3343,1,0
T628,39858,8,Hyderabad,Laptop,0,NetBanking,74,2141,0,0
T629,66777,3,Hyderabad,Laptop,0,NetBanking,23,4874,1,0
T630,88603,4,Hyderabad,Laptop,0,UPI,36,1691,1,0
T631,21412,0,Delhi,Tablet,1,NetBanking,18,3373,1,0
T632,40479,17,Kolkata,Laptop,0,Card,42,3154,0,0
T633,11838,10,Kolkata,Tablet,0,UPI,37,675,0,0
T634,22952,7,Bangalore,Tablet,0,UPI,55,3375,0,0
T635,95140,3,Mumbai,Tablet,0,Card,49,1499,1,0
T636,19899,2,Kolkata,Laptop,1,NetBanking,3,1278,1,0
T637,7697,21,Mumbai,Mobile,1,NetBanking,90,1357,0,0
T638,77462,17,Delhi,Tablet,0,UPI,14,4440,0,0
T639,53261,4,Delhi,Tablet,1,Card,36,223,1,1
T640,8136,2,Bangalore,Mobile,1,UPI,67,885,1,0
T641,71775,8,Delhi,Mobile,1,NetBanking,76,4254,0,0
T642,64018,19,Bangalore,Mobile,0,NetBanking,95,1401,0,0
T643,27816,4,Bangalore,Mobile,0,UPI,12,2821,1,0
T644,8656,21,Delhi,Laptop,0,NetBanking,86,1046,0,0
T645,64486,9,Kolkata,Tablet,1,NetBanking,50,4957,0,0
T646,440,13,Mumbai,Laptop,0,NetBanking,20,399,0,0
T647,238,6,Delhi,Tablet,0,Card,0,1727,0,0
T648,30754,23,Hyderabad,Tablet,1,UPI,12,1234,1,0
T649,64453,10,Mumbai,Laptop,0,Card,16,3270,0,0
T650,20319,17,Hyderabad,Mobile,0,NetBanking,23,2934,0,0
T651,78088,6,Bangalore,Tablet,0,Card,27,756,0,0
T652,35528,3,Hyderabad,Mobile,1,NetBanking,63,3262,1,0
T653,1240,1,Hyderabad,Laptop,0,NetBanking,44,3730,1,0
T654,19695,21,Hyderabad,Tablet,0,UPI,10,1610,0,0
T655,16959,4,Bangalore,Tablet,0,NetBanking,19,2060,1,0
T656,66193,11,Hyderabad,Laptop,1,NetBanking,18,4861,0,0
T657,60111,11,Kolkata,Laptop,0,UPI,69,4890,0,0
T658,72905,10,Delhi,Laptop,0,UPI,87,2554,0,0
T659,20978,10,Bangalore,Laptop,1,NetBanking,80,3902,0,0
T660,94389,18,Hyderabad,Mobile,0,NetBanking,3,1002,0,0
T661,98768,2,Mumbai,Laptop,0,Card,72,1963,1,0
T662,82135,12,Delhi,Tablet,0,Card,96,4035,0,0
T663,80118,5,Hyderabad,Laptop,0,Card,68,1042,1,0
T664,24145,22,Hyderabad,Mobile,0,Card,95,4217,0,0
T665,36288,21,Kolkata,Mobile,0,UPI,53,3053,0,0
T666,22413,20,Mumbai,Laptop,0,UPI,65,3852,0,0
T667,52987,2,Hyderabad,Tablet,0,Card,56,3334,1,0
T668,77942,17,Kolkata,Laptop,0,UPI,70,641,0,0
T669,10986,2,Hyderabad,Mobile,0,UPI,24,1672,1,0
T670,86256,7,Bangalore,Mobile,1,UPI,59,300,0,0
T671,11490,0,Delhi,Tablet,1,Card,65,3275,1,0
T672,93818,8,Mumbai,Mobile,0,Card,77,513,0,0
T673,1481,10,Kolkata,Tablet,0,NetBanking,2,1009,0,0
T674,33055,12,Hyderabad,Tablet,1,Card,33,2192,0,0
T675,28320,18,Bangalore,Mobile,0,NetBanking,15,2522,0,0
T676,12549,9,Delhi,Laptop,0,UPI,59,4645,0,0
T677,46192,23,Hyderabad,Laptop,0,NetBanking,33,2442,1,0
T678,68587,22,Bangalore,Tablet,1,UPI,54,1150,0,0
T679,23882,20,Hyderabad,Mobile,1,NetBanking,16,536,0,0
T680,35696,20,Mumbai,Tablet,0,Card,18,1404,0,0
T681,30850,16,Bangalore,Tablet,0,UPI,31,1689,0,0
T682,25335,17,Mumbai,Mobile,0,Card,27,1111,0,0
T683,8344,23,Mumbai,Laptop,0,UPI,29,2407,1,0
T684,99632,22,Mumbai,Laptop,0,Card,11,3802,0,0
T685,12337,1,Bangalore,Mobile,0,Card,97,1364,1,0
T686,89181,17,Delhi,Mobile,0,UPI,37,3514,0,0
T687,62651,17,Bangalore,Laptop,0,Card,5,988,0,0
T688,55203,10,Kolkata,Laptop,1,Card,18,4332,0,0
T689,5893,11,Mumbai,Mobile,0,UPI,81,918,0,0
T690,43248,18,Hyderabad,Mobile,1,Card,55,3592,0,0
T691,32541,22,Kolkata,Tablet,0,UPI,32,3999,0,0
T692,92222,23,Mumbai,Tablet,0,UPI,46,4218,1,0
T693,85816,20,Hyderabad,Laptop,1,Card,32,3707,0,0
T694,90063,10,Kolkata,Tablet,1,Card,46,4988,0,0
T695,75457,8,Delhi,Tablet,0,NetBanking,82,1416,0,0
T696,46068,4,Hyderabad,Tablet,0,UPI,27,1123,1,0
T697,87692,2,Kolkata,Mobile,0,Card,17,326,1,0
T698,5455,8,Mumbai,Tablet,0,UPI,12,2357,0,0
T699,27464,12,Kolkata,Laptop,0,NetBanking,1,4844,0,0
T700,20908,5,Kolkata,Tablet,0,NetBanking,55,2105,1,0
T701,51268,3,Hyderabad,Tablet,0,NetBanking,44,1872,1,0
T702,57605,8,Mumbai,Tablet,0,NetBanking,6,1039,0,0
T703,85240,7,Bangalore,Tablet,0,Card,64,455,0,0
T704,61048,10,Kolkata,Tablet,0,NetBanking,56,2196,0,0
T705,4313,21,Kolkata,Mobile,0,UPI,43,2200,0,0
T706,62097,12,Bangalore,Laptop,0,NetBanking,23,3941,0,0
T707,43065,16,Mumbai,Laptop,0,NetBanking,9,774,0,0
T708,24572,2,Kolkata,Laptop,0,NetBanking,16,3951,1,0
T709,36121,19,Hyderabad,Mobile,0,NetBanking,42,839,0,0
T710,1501,5,Kolkata,Tablet,0,Card,27,2931,1,0
T711,12050,16,Hyderabad,Mobile,0,Card,57,3966,0,0
T712,32345,20,Kolkata,Laptop,0,Card,46,2892,0,0
T713,30216,5,Kolkata,Mobile,0,UPI,95,1624,1,0
T714,29436,0,Bangalore,Tablet,0,NetBanking,6,2903,1,0
T715,61340,11,Mumbai,Laptop,0,UPI,42,4679,0,0
T716,50224,6,Bangalore,Laptop,1,NetBanking,50,4652,0,0
T717,4526,7,Hyderabad,Mobile,0,NetBanking,88,3675,0,0
T718,79403,12,Mumbai,Laptop,0,Card,3,4811,0,0
T719,90406,8,Mumbai,Laptop,1,NetBanking,97,3376,0,0
T720,33970,22,Delhi,Mobile,0,Card,3,492,0,0
T721,99034,4,Hyderabad,Mobile,0,Card,83,4629,1,0
T722,61315,21,Delhi,Mobile,0,UPI,58,3370,0,0
T723,77340,9,Hyderabad,Laptop,0,UPI,82,560,0,0
T724,55851,7,Hyderabad,Laptop,1,UPI,94,3583,0,0
T725,74318,0,Bangalore,Mobile,0,UPI,51,3273,1,0
T726,33083,21,Kolkata,Tablet,0,NetBanking,46,258,0,0
T727,80460,13,Mumbai,Tablet,0,NetBanking,4,2395,0,0
T728,76821,5,Hyderabad,Tablet,0,Card,14,2883,1,0
T729,21725,20,Mumbai,Mobile,1,Card,5,3745,0,0
T730,84665,17,Delhi,Tablet,0,Card,45,2032,0,0
T731,44354,2,Kolkata,Laptop,0,Card,92,2667,1,0
T732,77327,12,Delhi,Laptop,0,NetBanking,32,3923,0,0
T733,72110,12,Kolkata,Mobile,0,NetBanking,94,3663,0,0
T734,28428,15,Kolkata,Mobile,0,Card,47,2843,0,0
T735,96163,11,Bangalore,Mobile,0,UPI,88,969,0,0
T736,30973,5,Hyderabad,Laptop,0,Card,28,3742,1,0
T737,28101,16,Mumbai,Mobile,1,UPI,79,1029,0,0
T738,71002,7,Kolkata,Mobile,0,NetBanking,7,2625,0,0
T739,36291,3,Hyderabad,Laptop,0,NetBanking,64,4382,1,0
T740,93883,17,Mumbai,Laptop,0,UPI,85,3215,0,0
T741,78060,4,Hyderabad,Laptop,0,NetBanking,91,3683,1,0
T742,81151,9,Kolkata,Tablet,1,Card,84,2317,0,0
T743,63327,7,Hyderabad,Mobile,1,NetBanking,71,1043,0,0
T744,5822,21,Bangalore,Tablet,0,Card,92,4047,0,0
T745,83696,12,Mumbai,Laptop,0,NetBanking,8,1561,0,0
T746,40795,22,Kolkata,Laptop,1,UPI,0,3843,0,0
T747,92864,6,Delhi,Mobile,0,NetBanking,83,2551,0,0
T748,99032,2,Kolkata,Tablet,0,NetBanking,90,4029,1,0
T749,19249,16,Bangalore,Tablet,0,UPI,92,2103,0,0
T750,82712,17,Mumbai,Tablet,0,UPI,0,253,0,0
T751,30199,19,Kolkata,Laptop,0,UPI,58,3886,0,0
T752,9356,8,Delhi,Laptop,0,UPI,64,2501,0,0
T753,64603,12,Bangalore,Tablet,0,Card,67,4904,0,0
T754,56675,10,Delhi,Mobile,0,Card,20,2735,0,0
T755,76157,18,Mumbai,Tablet,0,UPI,59,2138,0,0
T756,63914,7,Hyderabad,Laptop,0,Card,77,2279,0,0
T757,43898,9,Mumbai,Tablet,1,NetBanking,92,4075,0,0
T758,39564,15,Mumbai,Laptop,0,Card,45,3071,0,0
T759,93788,3,Hyderabad,Laptop,0,Card,98,2568,1,0
T760,47076,2,Bangalore,Mobile,0,NetBanking,26,4235,1,0
T761,14370,3,Hyderabad,Laptop,0,UPI,23,2683,1,0
T762,77901,3,Delhi,Mobile,0,Card,56,2580,1,0
T763,6714,20,Bangalore,Tablet,0,Card,22,3024,0,0
T764,17064,20,Hyderabad,Tablet,0,NetBanking,56,3932,0,0
T765,90911,21,Hyderabad,Tablet,0,Card,56,1773,0,0
T766,88554,6,Bangalore,Tablet,0,UPI,60,4407,0,0
T767,38502,18,Mumbai,Tablet,0,Card,67,4159,0,0
T768,85129,18,Hyderabad,Mobile,0,Card,40,2088,0,0
T769,22512,22,Delhi,Tablet,0,UPI,29,2849,0,0
T770,13256,15,Hyderabad,Tablet,1,UPI,77,4691,0,0
T771,7314,21,Bangalore,Tablet,0,Card,15,2651,0,0
T772,5241,20,Bangalore,Tablet,0,NetBanking,71,371,0,0
T773,45146,9,Hyderabad,Mobile,0,UPI,58,4449,0,0
T774,8812,16,Delhi,Laptop,1,NetBanking,9,2873,0,0
T775,27228,16,Delhi,Laptop,0,Card,51,252,0,0
T776,11256,4,Mumbai,Laptop,0,UPI,64,1852,1,0
T777,2710,3,Mumbai,Laptop,1,NetBanking,87,4299,1,0
T778,85874,6,Delhi,Mobile,0,UPI,0,1106,0,0
T779,66042,6,Kolkata,Laptop,1,UPI,56,3764,0,0
T780,19973,8,Mumbai,Laptop,0,Card,12,4777,0,0
T781,37225,19,Mumbai,Laptop,1,UPI,2,3508,0,0
T782,41620,11,Mumbai,Tablet,0,Card,54,4387,0,0
T783,53412,16,Mumbai,Laptop,0,NetBanking,14,3271,0,0
T784,50819,3,Kolkata,Mobile,0,NetBanking,82,142,1,0
T785,34775,2,Kolkata,Mobile,0,NetBanking,57,1924,1,0
T786,50545,1,Mumbai,Tablet,0,NetBanking,3,3486,1,0
T787,84992,18,Kolkata,Tablet,0,NetBanking,96,2486,0,0
T788,18724,4,Delhi,Tablet,0,UPI,5,1099,1,0
T789,67491,2,Delhi,Tablet,1,Card,79,1581,1,1
T790,56508,19,Bangalore,Tablet,0,UPI,43,3322,0,0
T791,91749,23,Kolkata,Mobile,1,NetBanking,56,4168,1,1
T792,43626,13,Bangalore,Laptop,0,Card,66,3797,0,0
T793,24435,22,Mumbai,Mobile,1,NetBanking,81,4695,0,0
T794,37427,7,Hyderabad,Laptop,0,Card,11,3297,0,0
T795,59822,4,Kolkata,Laptop,0,NetBanking,16,3049,1,0
T796,19652,4,Hyderabad,Mobile,0,Card,77,987,1,0
T797,31902,0,Mumbai,Tablet,0,NetBanking,18,4921,1,0
T798,26149,14,Kolkata,Mobile,0,NetBanking,32,3865,0,0
T799,81586,22,Bangalore,Laptop,0,UPI,18,227,0,0
T800,23031,23,Kolkata,Mobile,0,UPI,73,4556,1,0
T801,94876,7,Bangalore,Tablet,0,Card,28,301,0,0
T802,55412,1,Kolkata,Mobile,1,NetBanking,68,1441,1,1
T803,62220,4,Delhi,Laptop,0,Card,83,4620,1,0
T804,14356,16,Mumbai,Tablet,0,Card,2,4973,0,0
T805,22725,2,Hyderabad,Laptop,0,Card,23,2733,1,0
T806,88329,21,Delhi,Laptop,0,NetBanking,54,3466,0,0
T807,94526,14,Kolkata,Tablet,1,UPI,90,2700,0,0
T808,64719,18,Hyderabad,Laptop,0,Card,65,2949,0,0
T809,81830,5,Bangalore,Mobile,0,Card,9,4268,1,0
T810,94867,5,Bangalore,Laptop,0,UPI,99,2655,1,0
T811,18789,3,Hyderabad,Tablet,1,UPI,25,4857,1,0
T812,3094,15,Delhi,Tablet,0,Card,21,3015,0,0
T813,84481,12,Hyderabad,Laptop,0,Card,44,1191,0,0
T814,78954,16,Delhi,Laptop,0,UPI,82,2020,0,0
T815,77319,8,Mumbai,Mobile,1,Card,31,275,0,0
T816,70921,16,Kolkata,Tablet,0,NetBanking,26,2201,0,0
T817,78613,2,Delhi,Laptop,1,Card,84,4562,1,1
T818,60786,3,Bangalore,Tablet,0,UPI,72,3062,1,0
T819,30043,16,Kolkata,Laptop,0,Card,40,2317,0,0
T820,4117,19,Delhi,Tablet,0,NetBanking,38,468,0,0
T821,43864,22,Bangalore,Mobile,0,UPI,51,2884,0,0
T822,88156,13,Mumbai,Mobile,0,UPI,47,4997,0,0
T823,10542,17,Hyderabad,Laptop,0,UPI,57,1284,0,0
T824,86446,15,Kolkata,Mobile,0,UPI,47,1626,0,0
T825,91885,17,Bangalore,Mobile,1,NetBanking,18,2466,0,0
T826,15024,23,Bangalore,Laptop,0,NetBanking,73,969,1,0
T827,97188,22,Kolkata,Mobile,0,NetBanking,7,790,0,0
T828,90705,9,Bangalore,Laptop,0,NetBanking,5,394,0,0
T829,86047,0,Mumbai,Mobile,1,UPI,8,1973,1,1
T830,12955,20,Bangalore,Tablet,0,NetBanking,57,4558,0,0
T831,63710,5,Hyderabad,Laptop,0,UPI,35,3797,1,0
T832,38606,4,Bangalore,Tablet,0,NetBanking,17,162,1,0
T833,10851,10,Delhi,Tablet,0,NetBanking,76,4451,0,0
T834,41194,10,Delhi,Mobile,0,UPI,67,3378,0,0
T835,7396,22,Kolkata,Mobile,0,UPI,37,220,0,0
T836,56804,5,Bangalore,Tablet,0,UPI,28,744,1,0
T837,35629,20,Hyderabad,Laptop,0,NetBanking,66,2768,0,0
T838,47506,19,Mumbai,Laptop,0,NetBanking,67,4264,0,0
T839,98599,11,Hyderabad,Tablet,0,UPI,55,4941,0,0
T840,3706,20,Bangalore,Laptop,0,NetBanking,51,4027,0,0
T841,71932,12,Hyderabad,Tablet,0,UPI,31,666,0,0
T842,48616,3,Bangalore,Mobile,0,Card,48,4509,1,0
T843,84874,15,Kolkata,Tablet,1,Card,84,236,0,0
T844,17513,18,Mumbai,Laptop,1,UPI,38,761,0,0
T845,92889,4,Kolkata,Tablet,0,Card,80,3042,1,0
T846,52025,8,Hyderabad,Laptop,0,UPI,36,3770,0,0
T847,23299,13,Delhi,Tablet,0,UPI,22,3418,0,0
T848,36555,20,Hyderabad,Laptop,0,Card,5,3189,0,0
T849,14017,21,Delhi,Laptop,0,Card,29,820,0,0
T850,70369,10,Hyderabad,Mobile,0,NetBanking,77,4829,0,0
T851,90326,3,Bangalore,Laptop,0,NetBanking,27,2353,1,0
T852,69266,21,Mumbai,Mobile,0,UPI,14,3553,0,0
T853,55035,7,Hyderabad,Mobile,1,NetBanking,8,3460,0,0
T854,85025,0,Bangalore,Laptop,0,Card,73,548,1,0
T855,91157,1,Kolkata,Tablet,0,Card,0,3077,1,0
T856,69824,15,Bangalore,Laptop,1,Card,47,4440,0,0
T857,70563,6,Delhi,Mobile,0,UPI,25,4266,0,0
T858,58792,16,Mumbai,Tablet,0,UPI,57,916,0,0
T859,91032,0,Mumbai,Mobile,0,NetBanking,16,350,1,0
T860,51040,2,Mumbai,Laptop,0,UPI,31,1267,1,0
T861,42156,23,Hyderabad,Laptop,0,Card,92,604,1,0
T862,14771,8,Kolkata,Laptop,0,NetBanking,50,3916,0,0
T863,95530,13,Kolkata,Mobile,0,NetBanking,18,4108,0,0
T864,94736,14,Mumbai,Laptop,0,NetBanking,52,3089,0,0
T865,37505,7,Mumbai,Mobile,0,NetBanking,47,293,0,0
T866,77635,7,Delhi,Tablet,1,UPI,75,2898,0,0
T867,55580,7,Delhi,Mobile,1,Card,91,2972,0,0
T868,76948,12,Mumbai,Tablet,0,NetBanking,76,2704,0,0
T869,90201,14,Kolkata,Tablet,0,Card,92,734,0,0
T870,91981,2,Delhi,Laptop,0,UPI,53,305,1,0
T871,22435,7,Bangalore,Laptop,0,UPI,61,4839,0,0
T872,22110,19,Mumbai,Tablet,0,Card,94,2766,0,0
T873,8126,10,Bangalore,Mobile,1,NetBanking,48,770,0,0
T874,89311,1,Mumbai,Tablet,0,UPI,78,2055,1,0
T875,21739,8,Bangalore,Mobile,0,Card,44,1953,0,0
T876,58947,19,Bangalore,Tablet,0,NetBanking,82,143,0,0
T877,20096,6,Kolkata,Tablet,0,Card,91,2025,0,0
T878,35840,16,Hyderabad,Mobile,0,Card,94,3046,0,0
T879,81571,3,Bangalore,Tablet,1,Card,85,3745,1,1
T880,56333,11,Kolkata,Laptop,0,Card,12,153,0,0
T881,51827,7,Hyderabad,Mobile,0,NetBanking,56,1054,0,0
T882,10725,11,Hyderabad,Laptop,0,Card,10,3378,0,0
T883,21939,16,Bangalore,Mobile,0,UPI,49,470,0,0
T884,99261,22,Delhi,Laptop,0,UPI,95,483,0,0
T885,28553,14,Bangalore,Mobile,0,UPI,66,3393,0,0
T886,22688,0,Kolkata,Tablet,0,NetBanking,95,4351,1,0
T887,45048,13,Kolkata,Laptop,0,NetBanking,99,3050,0,0
T888,73593,9,Bangalore,Mobile,0,Card,78,1330,0,0
T889,43495,22,Hyderabad,Mobile,1,NetBanking,87,1463,0,0
T890,49245,4,Kolkata,Tablet,0,Card,32,4587,1,0
T891,90980,4,Bangalore,Laptop,0,NetBanking,69,4600,1,0
T892,25283,2,Bangalore,Mobile,1,UPI,59,3291,1,0
T893,33557,15,Delhi,Mobile,0,UPI,55,465,0,0
T894,44635,7,Hyderabad,Tablet,0,Card,70,4299,0,0
T895,29001,17,Bangalore,Mobile,1,NetBanking,74,1305,0,0
T896,87008,5,Kolkata,Tablet,0,Card,19,1775,1,0
T897,41358,9,Hyderabad,Laptop,0,Card,90,4546,0,0
T898,28402,15,Bangalore,Tablet,0,UPI,34,2606,0,0
T899,61214,20,Bangalore,Laptop,0,Card,74,4703,0,0
T900,62867,20,Kolkata,Tablet,0,UPI,37,3586,0,0
T901,43569,23,Hyderabad,Laptop,0,UPI,95,3939,1,0
T902,83278,2,Kolkata,Tablet,1,UPI,68,3296,1,1
T903,96493,18,Delhi,Tablet,0,UPI,60,4578,0,0
T904,8310,10,Hyderabad,Mobile,0,Card,60,2358,0,0
T905,11194,23,Mumbai,Laptop,0,Card,97,2687,1,0
T906,68898,4,Kolkata,Laptop,1,UPI,11,2317,1,1
T907,52791,5,Kolkata,Laptop,0,Card,74,4483,1,0
T908,94190,17,Delhi,Laptop,0,UPI,53,1198,0,0
T909,91151,4,Mumbai,Tablet,0,NetBanking,58,3004,1,0
T910,78924,21,Kolkata,Mobile,0,UPI,82,1778,0,0
T911,17099,11,Kolkata,Laptop,0,UPI,46,4288,0,0
T912,59921,13,Bangalore,Mobile,0,UPI,49,1235,0,0
T913,12292,22,Delhi,Laptop,0,UPI,78,4975,0,0
T914,34187,21,Hyderabad,Laptop,0,Card,37,2790,0,0
T915,3355,12,Bangalore,Laptop,0,NetBanking,36,1044,0,0
T916,19273,1,Delhi,Tablet,1,NetBanking,25,1710,1,0
T917,24619,11,Bangalore,Tablet,0,UPI,21,4491,0,0
T918,89149,16,Bangalore,Tablet,0,NetBanking,54,1041,0,0
T919,78753,10,Mumbai,Laptop,0,Card,44,1054,0,0
T920,66898,23,Mumbai,Mobile,0,Card,52,3427,1,0
T921,29868,2,Mumbai,Tablet,0,NetBanking,36,1357,1,0
T922,82484,14,Delhi,Mobile,0,Card,56,1330,0,0
T923,27330,20,Hyderabad,Mobile,0,NetBanking,19,3956,0,0
T924,36003,9,Kolkata,Mobile,1,UPI,18,4689,0,0
T925,34414,1,Delhi,Tablet,0,Card,57,862,1,0
T926,92535,17,Bangalore,Tablet,0,UPI,9,4759,0,0
T927,45938,4,Delhi,Mobile,0,UPI,36,2140,1,0
T928,79755,7,Mumbai,Tablet,0,NetBanking,55,2042,0,0
T929,61899,10,Kolkata,Laptop,0,Card,7,961,0,0
T930,55963,9,Hyderabad,Mobile,0,Card,48,736,0,0
T931,83056,3,Bangalore,Tablet,0,UPI,85,3687,1,0
T932,44354,17,Hyderabad,Tablet,0,Card,87,4066,0,0
T933,15835,22,Kolkata,Tablet,0,NetBanking,30,4206,0,0
T934,3473,4,Bangalore,Mobile,0,Card,9,1547,1,0
T935,19683,13,Delhi,Tablet,0,NetBanking,43,3283,0,0
T936,79775,22,Hyderabad,Mobile,0,NetBanking,94,1090,0,0
T937,73293,22,Hyderabad,Laptop,0,UPI,55,325,0,0
T938,93049,12,Delhi,Mobile,0,NetBanking,17,3542,0,0
T939,54319,7,Kolkata,Mobile,0,UPI,14,1626,0,0
T940,86794,12,Hyderabad,Laptop,1,UPI,8,4235,0,0
T941,31479,20,Delhi,Tablet,0,Card,79,546,0,0
T942,36783,11,Kolkata,Tablet,0,Card,59,326,0,0
T943,20627,17,Bangalore,Laptop,0,UPI,38,3879,0,0
T944,33054,7,Delhi,Laptop,0,UPI,80,2132,0,0
T945,66888,5,Hyderabad,Laptop,0,NetBanking,59,1981,1,0
T946,33137,21,Mumbai,Laptop,0,NetBanking,38,2992,0,0
T947,67331,5,Mumbai,Laptop,0,NetBanking,91,152,1,0
T948,75585,2,Bangalore,Mobile,0,Card,97,819,1,0
T949,8697,5,Mumbai,Mobile,1,Card,71,2153,1,0
T950,25905,2,Hyderabad,Tablet,1,UPI,58,926,1,0
T951,49600,4,Kolkata,Tablet,0,NetBanking,88,2434,1,0
T952,29537,20,Delhi,Mobile,1,UPI,21,4720,0,0
T953,16016,9,Mumbai,Mobile,0,NetBanking,19,2647,0,0
T954,92976,16,Delhi,Mobile,0,UPI,96,4068,0,0
T955,99314,12,Hyderabad,Tablet,0,NetBanking,57,4304,0,0
T956,77585,7,Delhi,Tablet,0,Card,89,1234,0,0
T957,76574,12,Hyderabad,Mobile,0,Card,27,1824,0,0
T958,52595,22,Delhi,Laptop,0,Card,81,1012,0,0
T959,52609,6,Hyderabad,Laptop,1,UPI,92,1217,0,0
T960,44469,12,Kolkata,Mobile,0,NetBanking,93,1747,0,0
T961,79514,16,Hyderabad,Tablet,0,NetBanking,14,2861,0,0
T962,78488,22,Kolkata,Tablet,0,UPI,29,4612,0,0
T963,67484,19,Bangalore,Mobile,1,NetBanking,0,1167,0,0
T964,35654,10,Delhi,Tablet,0,NetBanking,8,3971,0,0
T965,63727,0,Bangalore,Tablet,0,NetBanking,56,3051,1,0
T966,57515,11,Hyderabad,Tablet,0,Card,41,982,0,0
T967,28910,6,Hyderabad,Mobile,0,UPI,16,1604,0,0
T968,75576,20,Kolkata,Laptop,1,UPI,55,4585,0,0
T969,45497,17,Delhi,Tablet,0,Card,63,598,0,0
T970,70553,7,Kolkata,Laptop,0,Card,98,2286,0,0
T971,23483,16,Hyderabad,Tablet,0,NetBanking,65,1186,0,0
T972,34742,6,Hyderabad,Laptop,0,Card,16,1129,0,0
T973,11510,23,Mumbai,Tablet,0,NetBanking,65,1673,1,0
T974,77018,4,Kolkata,Tablet,1,Card,67,3897,1,1
T975,77575,12,Hyderabad,Tablet,0,Card,31,3276,0,0
T976,99655,22,Kolkata,Laptop,0,NetBanking,82,1478,0,0
T977,55121,7,Hyderabad,Mobile,0,UPI,27,2061,0,0
T978,12597,15,Hyderabad,Laptop,1,Card,62,4667,0,0
T979,48947,17,Bangalore,Mobile,1,NetBanking,26,4332,0,0
T980,44019,23,Delhi,Laptop,0,NetBanking,87,1498,1,0
T981,76624,1,Hyderabad,Laptop,0,UPI,23,3149,1,0
T982,50348,19,Bangalore,Tablet,0,NetBanking,9,4347,0,0
T983,87334,15,Delhi,Tablet,0,Card,34,4655,0,0
T984,12492,20,Delhi,Laptop,0,NetBanking,46,2498,0,0
T985,78357,19,Kolkata,Mobile,0,Card,3,4282,0,0
T986,67866,15,Mumbai,Tablet,0,NetBanking,88,1701,0,0
T987,4865,2,Hyderabad,Tablet,0,Card,88,727,1,0
T988,77625,20,Kolkata,Tablet,0,Card,96,2441,0,0
T989,93426,13,Bangalore,Mobile,0,NetBanking,45,1083,0,0
T990,25564,4,Hyderabad,Mobile,0,UPI,46,570,1,0
T991,2087,17,Kolkata,Laptop,0,UPI,98,2873,0,0
T992,46027,22,Hyderabad,Laptop,0,NetBanking,39,2285,0,0
T993,53692,19,Hyderabad,Laptop,0,NetBanking,74,4768,0,0
T994,86307,4,Hyderabad,Mobile,0,UPI,52,410,1,0
T995,21022,12,Mumbai,Laptop,0,UPI,68,684,0,0
T996,30366,15,Kolkata,Mobile,0,NetBanking,59,2966,0,0
T997,5998,11,Bangalore,Mobile,0,NetBanking,89,2864,0,0
T998,50142,7,Delhi,Mobile,0,NetBanking,60,831,0,0
T999,69597,8,Delhi,Tablet,0,Card,57,1819,0,0
T1000,65106,1,Hyderabad,Tablet,0,Card,51,1711,1,0
T1001,54810,21,Hyderabad,Mobile,0,Card,0,4004,0,0
T1002,29532,9,Hyderabad,Mobile,0,Card,20,1332,0,0
T1003,43718,12,Delhi,Laptop,0,NetBanking,61,3858,0,0
T1004,60093,12,Bangalore,Mobile,0,UPI,80,4691,0,0
T1005,66225,12,Mumbai,Mobile,1,UPI,13,1362,0,0
T1006,49323,14,Kolkata,Mobile,1,NetBanking,26,368,0,0
T1007,75604,20,Bangalore,Mobile,0,UPI,59,4201,0,0
T1008,13369,16,Bangalore,Laptop,0,NetBanking,33,3176,0,0
T1009,17469,19,Mumbai,Tablet,0,NetBanking,58,4949,0,0
T1010,88309,3,Hyderabad,Laptop,0,Card,13,1585,1,0
T1011,60394,11,Kolkata,Mobile,0,Card,18,4770,0,0
T1012,24142,14,Mumbai,Laptop,0,NetBanking,80,2566,0,0
T1013,92150,19,Bangalore,Laptop,0,NetBanking,31,4627,0,0
T1014,10383,7,Delhi,Mobile,0,UPI,16,3498,0,0
T1015,50325,0,Hyderabad,Mobile,0,Card,35,3312,1,0
T1016,61481,13,Mumbai,Laptop,0,Card,78,4007,0,0
T1017,99211,15,Hyderabad,Tablet,1,Card,61,4624,0,0
T1018,91519,12,Kolkata,Mobile,0,UPI,2,857,0,0
T1019,28907,23,Bangalore,Laptop,1,NetBanking,30,3658,1,0
T1020,75408,1,Mumbai,Mobile,1,UPI,56,4166,1,1
T1021,19329,9,Bangalore,Mobile,0,UPI,68,2880,0,0
T1022,16906,1,Hyderabad,Laptop,1,NetBanking,44,2810,1,0
T1023,57896,5,Bangalore,Mobile,1,NetBanking,3,3264,1,1
T1024,93178,5,Kolkata,Mobile,0,UPI,17,3954,1,0
T1025,50699,8,Bangalore,Laptop,0,Card,83,1129,0,0
T1026,68307,23,Bangalore,Laptop,0,Card,66,3277,1,0
T1027,3822,10,Kolkata,Mobile,1,UPI,3,1575,0,0
T1028,43956,8,Mumbai,Tablet,0,UPI,31,825,0,0
T1029,97883,5,Kolkata,Tablet,0,Card,64,4151,1,0
T1030,84217,15,Bangalore,Tablet,0,Card,76,2910,0,0
T1031,31821,2,Hyderabad,Laptop,1,UPI,75,698,1,0
T1032,63093,16,Mumbai,Laptop,0,UPI,72,1914,0,0
T1033,78637,18,Bangalore,Laptop,1,NetBanking,68,3031,0,0
T1034,46435,22,Kolkata,Mobile,0,UPI,27,2117,0,0
T1035,32080,23,Kolkata,Mobile,0,NetBanking,24,1709,1,0
T1036,66353,9,Mumbai,Tablet,0,UPI,57,4801,0,0
T1037,6882,8,Bangalore,Laptop,0,NetBanking,98,215,0,0
T1038,92307,1,Delhi,Mobile,0,NetBanking,74,1720,1,0
T1039,72184,21,Delhi,Tablet,1,NetBanking,80,3041,0,0
T1040,5795,1,Hyderabad,Tablet,1,Card,41,1077,1,0
T1041,60510,10,Mumbai,Mobile,0,UPI,17,4678,0,0
T1042,74014,15,Delhi,Mobile,0,UPI,46,338,0,0
T1043,22931,9,Bangalore,Mobile,0,NetBanking,76,2430,0,0
T1044,4786,7,Kolkata,Laptop,1,UPI,45,4770,0,0
T1045,23627,11,Kolkata,Tablet,0,NetBanking,42,116,0,0
T1046,46242,16,Kolkata,Mobile,0,UPI,84,619,0,0
T1047,38824,15,Kolkata,Laptop,0,UPI,92,4271,0,0
T1048,16072,22,Mumbai,Tablet,0,Card,73,1194,0,0
T1049,52447,4,Bangalore,Tablet,0,Card,14,4423,1,0
T1050,81426,13,Bangalore,Tablet,0,NetBanking,76,4813,0,0
T1051,3192,4,Kolkata,Laptop,0,NetBanking,28,1287,1,0
T1052,4069,21,Delhi,Tablet,0,UPI,17,1049,0,0
T1053,20423,12,Bangalore,Laptop,0,NetBanking,33,3598,0,0
T1054,83929,3,Kolkata,Laptop,1,Card,51,1031,1,1
T1055,45996,6,Kolkata,Tablet,0,UPI,37,3506,0,0
T1056,64028,19,Hyderabad,Tablet,0,UPI,3,3221,0,0
T1057,83893,4,Delhi,Laptop,0,NetBanking,74,3848,1,0
T1058,98681,3,Mumbai,Laptop,0,NetBanking,33,4813,1,0
T1059,46786,6,Bangalore,Mobile,0,NetBanking,93,1282,0,0
T1060,78086,20,Delhi,Tablet,1,UPI,82,1730,0,0
T1061,387,1,Bangalore,Laptop,0,UPI,9,229,1,0
T1062,90171,16,Bangalore,Mobile,0,UPI,15,344,0,0
T1063,3278,23,Delhi,Mobile,1,Card,84,2151,1,0
T1064,52650,14,Delhi,Laptop,1,Card,94,3892,0,0
T1065,89412,10,Bangalore,Tablet,1,Card,64,4754,0,0
T1066,94271,20,Mumbai,Laptop,0,Card,1,1231,0,0
T1067,10870,10,Hyderabad,Tablet,1,UPI,42,111,0,0
T1068,49446,9,Mumbai,Tablet,1,NetBanking,53,3109,0,0
T1069,90004,15,Kolkata,Mobile,0,NetBanking,53,2177,0,0
T1070,79543,5,Delhi,Laptop,0,Card,95,4973,1,0
T1071,8735,9,Delhi,Tablet,0,NetBanking,76,1115,0,0
T1072,34252,21,Kolkata,Mobile,0,NetBanking,36,1369,0,0
T1073,98099,12,Hyderabad,Laptop,0,Card,83,2510,0,0
T1074,30078,8,Bangalore,Tablet,1,NetBanking,31,3772,0,0
T1075,5643,8,Kolkata,Mobile,0,Card,72,621,0,0
T1076,69445,15,Delhi,Laptop,0,UPI,59,4773,0,0
T1077,29092,18,Hyderabad,Tablet,0,UPI,23,1509,0,0
T1078,26370,13,Bangalore,Tablet,0,Card,14,2760,0,0
T1079,31999,19,Kolkata,Mobile,0,NetBanking,23,3064,0,0
T1080,19153,13,Mumbai,Tablet,1,Card,87,4081,0,0
T1081,21253,11,Delhi,Mobile,0,UPI,69,4231,0,0
T1082,79367,21,Delhi,Mobile,0,Card,79,4635,0,0
T1083,68412,0,Hyderabad,Tablet,1,NetBanking,19,294,1,1
T1084,17146,12,Kolkata,Mobile,0,NetBanking,58,2808,0,0
T1085,60619,18,Mumbai,Tablet,0,NetBanking,94,3889,0,0
T1086,78633,11,Mumbai,Laptop,0,NetBanking,86,3313,0,0
T1087,84384,6,Delhi,Mobile,0,NetBanking,14,3572,0,0
T1088,25356,21,Hyderabad,Mobile,1,UPI,97,2256,0,0
T1089,36734,19,Mumbai,Laptop,0,Card,77,4238,0,0
T1090,964,20,Bangalore,Tablet,0,Card,16,4671,0,0
T1091,81945,22,Bangalore,Mobile,1,NetBanking,12,2438,0,0
T1092,63208,8,Hyderabad,Laptop,0,Card,24,3961,0,0
T1093,34853,12,Mumbai,Tablet,1,UPI,90,1370,0,0
T1094,25316,19,Hyderabad,Tablet,0,Card,95,4178,0,0
T1095,78489,23,Kolkata,Laptop,0,Card,53,2675,1,0
T1096,93815,13,Delhi,Tablet,0,Card,57,228,0,0
T1097,95013,19,Bangalore,Mobile,0,UPI,28,3094,0,0
T1098,69380,2,Delhi,Tablet,0,Card,68,1744,1,0
T1099,79626,3,Delhi,Laptop,0,UPI,18,270,1,0
T1100,52764,21,Mumbai,Laptop,0,UPI,52,4025,0,0
T1101,76086,7,Kolkata,Mobile,0,Card,41,957,0,0
T1102,53075,18,Delhi,Tablet,0,Card,42,1023,0,0
T1103,13431,23,Mumbai,Mobile,0,NetBanking,38,4975,1,0
T1104,54578,22,Mumbai,Tablet,0,NetBanking,25,4606,0,0
T1105,81518,5,Delhi,Tablet,0,Card,18,1571,1,0
T1106,99345,19,Mumbai,Laptop,0,UPI,41,1343,0,0
T1107,71332,2,Kolkata,Laptop,1,UPI,58,4057,1,1
T1108,83986,23,Mumbai,Tablet,0,Card,60,3495,1,0
T1109,98287,5,Bangalore,Tablet,0,NetBanking,42,3734,1,0
T1110,87560,13,Mumbai,Laptop,0,UPI,79,2012,0,0
T1111,91504,21,Hyderabad,Tablet,0,Card,3,1198,0,0
T1112,38467,16,Hyderabad,Tablet,0,UPI,10,3519,0,0
T1113,30233,8,Kolkata,Laptop,0,NetBanking,22,3669,0,0
T1114,40575,10,Delhi,Laptop,1,Card,25,1020,0,0
T1115,97920,18,Delhi,Mobile,0,NetBanking,13,2481,0,0
T1116,36486,16,Bangalore,Tablet,0,Card,29,2647,0,0
T1117,36032,12,Hyderabad,Tablet,0,UPI,88,1046,0,0
T1118,14793,9,Kolkata,Tablet,0,UPI,52,343,0,0
T1119,25181,5,Mumbai,Tablet,0,NetBanking,88,3690,1,0
T1120,97657,16,Kolkata,Laptop,1,UPI,40,4525,0,0
T1121,83484,6,Delhi,Mobile,0,Card,49,4937,0,0
T1122,22590,19,Delhi,Tablet,0,UPI,52,1311,0,0
T1123,9221,3,Hyderabad,Laptop,0,UPI,42,601,1,0
T1124,9021,3,Bangalore,Mobile,0,NetBanking,93,4652,1,0
T1125,96544,2,Mumbai,Laptop,0,UPI,23,4150,1,0
T1126,9047,10,Delhi,Mobile,0,UPI,77,4572,0,0
T1127,48885,15,Hyderabad,Laptop,0,Card,58,3202,0,0
T1128,31079,4,Kolkata,Laptop,0,UPI,47,4157,1,0
T1129,24595,6,Kolkata,Tablet,0,UPI,29,1401,0,0
T1130,7470,1,Mumbai,Mobile,0,Card,93,792,1,0
T1131,29026,6,Hyderabad,Tablet,0,UPI,57,1981,0,0
T1132,5309,12,Mumbai,Laptop,0,Card,43,1835,0,0
T1133,77563,21,Delhi,Tablet,0,UPI,17,2754,0,0
T1134,8033,4,Delhi,Mobile,0,NetBanking,41,2180,1,0
T1135,6189,4,Bangalore,Tablet,0,NetBanking,93,254,1,0
T1136,85514,8,Delhi,Laptop,1,UPI,75,1882,0,0
T1137,26240,0,Delhi,Laptop,0,NetBanking,14,4965,1,0
T1138,22295,6,Mumbai,Laptop,0,NetBanking,53,373,0,0
T1139,18790,6,Bangalore,Tablet,1,NetBanking,37,1309,0,0
T1140,49156,11,Bangalore,Laptop,0,Card,10,4775,0,0
T1141,41950,17,Mumbai,Laptop,0,NetBanking,97,1573,0,0
T1142,19727,5,Mumbai,Mobile,0,UPI,56,3256,1,0
T1143,75418,15,Hyderabad,Tablet,1,Card,38,1535,0,0
T1144,78102,22,Mumbai,Mobile,0,NetBanking,57,4624,0,0
T1145,72195,4,Delhi,Mobile,0,NetBanking,41,3224,1,0
T1146,77342,9,Mumbai,Mobile,0,Card,14,1024,0,0
T1147,51422,14,Mumbai,Tablet,0,NetBanking,9,2495,0,0
T1148,90240,14,Mumbai,Tablet,0,NetBanking,11,2770,0,0
T1149,36233,12,Hyderabad,Mobile,1,UPI,66,1003,0,0
T1150,88683,22,Delhi,Laptop,0,UPI,46,1814,0,0
T1151,94758,12,Mumbai,Laptop,0,NetBanking,15,3366,0,0
T1152,52819,8,Mumbai,Laptop,0,Card,76,1116,0,0
T1153,6570,14,Mumbai,Tablet,0,Card,97,3596,0,0
T1154,44539,16,Hyderabad,Laptop,0,UPI,0,2413,0,0
T1155,75342,15,Delhi,Mobile,1,UPI,55,3540,0,0
T1156,36924,17,Delhi,Laptop,0,NetBanking,80,1823,0,0
T1157,58961,15,Kolkata,Tablet,0,UPI,35,3036,0,0
T1158,14606,5,Hyderabad,Tablet,0,UPI,42,3196,1,0
T1159,38517,12,Delhi,Tablet,0,NetBanking,27,2805,0,0
T1160,28191,18,Mumbai,Laptop,0,Card,31,4306,0,0
T1161,55532,7,Kolkata,Tablet,0,UPI,91,2628,0,0
T1162,7335,13,Bangalore,Tablet,1,UPI,66,3069,0,0
T1163,79923,23,Hyderabad,Tablet,0,NetBanking,93,2576,1,0
T1164,68976,4,Bangalore,Tablet,0,UPI,81,466,1,0
T1165,84917,1,Kolkata,Laptop,0,UPI,44,4370,1,0
T1166,42914,11,Mumbai,Tablet,0,UPI,54,3886,0,0
T1167,21750,2,Mumbai,Tablet,0,Card,25,4569,1,0
T1168,80528,11,Kolkata,Mobile,0,Card,64,4758,0,0
T1169,43994,21,Delhi,Laptop,0,NetBanking,18,1973,0,0
T1170,55471,22,Hyderabad,Laptop,0,NetBanking,59,798,0,0
T1171,83332,18,Hyderabad,Mobile,0,Card,51,2400,0,0
T1172,52449,16,Bangalore,Tablet,1,Card,98,226,0,0
T1173,71238,7,Delhi,Laptop,0,NetBanking,76,1466,0,0
T1174,42079,21,Hyderabad,Laptop,0,NetBanking,27,4179,0,0
T1175,21023,12,Mumbai,Mobile,0,Card,54,4186,0,0
T1176,51513,20,Delhi,Laptop,0,Card,84,3660,0,0
T1177,10404,5,Kolkata,Laptop,0,UPI,63,3514,1,0
T1178,31758,10,Hyderabad,Mobile,0,NetBanking,29,590,0,0
T1179,3829,22,Delhi,Tablet,0,UPI,20,4508,0,0
T1180,96970,22,Kolkata,Tablet,0,UPI,43,3259,0,0
T1181,98262,14,Kolkata,Mobile,0,NetBanking,41,1173,0,0
T1182,46611,19,Delhi,Tablet,0,NetBanking,90,4844,0,0
T1183,69976,12,Bangalore,Tablet,0,UPI,20,4491,0,0
T1184,2259,12,Kolkata,Tablet,0,NetBanking,86,3831,0,0
T1185,47304,21,Hyderabad,Mobile,0,NetBanking,16,127,0,0
T1186,23564,1,Delhi,Mobile,0,Card,40,2281,1,0
T1187,51548,5,Mumbai,Mobile,0,NetBanking,74,1777,1,0
T1188,2981,7,Mumbai,Laptop,0,UPI,98,1348,0,0
T1189,93947,18,Hyderabad,Mobile,0,NetBanking,87,1158,0,0
T1190,22599,12,Kolkata,Laptop,0,UPI,97,4540,0,0
T1191,30707,1,Hyderabad,Mobile,0,UPI,22,4918,1,0
T1192,56444,15,Hyderabad,Laptop,0,Card,72,1764,0,0
T1193,37444,1,Kolkata,Tablet,0,UPI,54,444,1,0
T1194,81888,12,Bangalore,Tablet,0,Card,69,1614,0,0
T1195,84618,9,Delhi,Mobile,0,NetBanking,17,2747,0,0
T1196,59223,8,Mumbai,Laptop,0,NetBanking,3,4386,0,0
T1197,66827,8,Hyderabad,Laptop,0,NetBanking,25,1511,0,0
T1198,27956,15,Delhi,Mobile,0,NetBanking,51,3432,0,0
T1199,66423,14,Mumbai,Tablet,0,Card,1,3776,0,0
T1200,35440,3,Hyderabad,Tablet,1,UPI,73,3360,1,0
T1201,87234,8,Delhi,Mobile,1,Card,62,4716,0,0
T1202,59758,2,Hyderabad,Tablet,1,Card,41,1287,1,1
T1203,13040,11,Bangalore,Laptop,0,UPI,72,298,0,0
T1204,27877,21,Hyderabad,Mobile,0,Card,22,1738,0,0
T1205,59299,6,Bangalore,Mobile,0,NetBanking,28,3377,0,0
T1206,65597,18,Bangalore,Tablet,1,Card,94,898,0,0
T1207,7701,19,Bangalore,Tablet,0,Card,80,4688,0,0
T1208,72933,12,Delhi,Laptop,0,UPI,91,1229,0,0
T1209,28122,5,Delhi,Tablet,0,UPI,98,4789,1,0
T1210,32430,21,Mumbai,Laptop,0,UPI,68,1950,0,0
T1211,39967,18,Kolkata,Laptop,0,NetBanking,61,4339,0,0
T1212,20963,23,Kolkata,Laptop,1,Card,14,4412,1,0
T1213,1615,22,Hyderabad,Tablet,0,Card,13,3017,0,0
T1214,31286,16,Kolkata,Tablet,0,UPI,50,3755,0,0
T1215,36661,15,Bangalore,Tablet,1,NetBanking,41,1396,0,0
T1216,28450,12,Mumbai,Tablet,1,NetBanking,26,2693,0,0
T1217,72327,5,Kolkata,Mobile,0,UPI,86,2281,1,0
T1218,63872,22,Delhi,Laptop,0,UPI,23,2478,0,0
T1219,48765,18,Delhi,Mobile,0,Card,27,1289,0,0
T1220,54560,13,Hyderabad,Tablet,0,UPI,47,4761,0,0
T1221,91419,6,Kolkata,Tablet,0,NetBanking,71,1911,0,0
T1222,52435,21,Mumbai,Laptop,1,NetBanking,8,1744,0,0
T1223,2816,7,Bangalore,Tablet,0,Card,67,3206,0,0
T1224,61926,21,Bangalore,Laptop,0,UPI,6,2430,0,0
T1225,51006,15,Kolkata,Laptop,1,UPI,43,3258,0,0
T1226,20108,10,Mumbai,Mobile,0,UPI,32,789,0,0
T1227,71239,4,Kolkata,Mobile,0,UPI,80,3910,1,0
T1228,11795,4,Mumbai,Mobile,1,Card,2,471,1,0
T1229,8902,19,Hyderabad,Mobile,0,NetBanking,60,4610,0,0
T1230,30580,23,Mumbai,Mobile,0,UPI,81,1173,1,0
T1231,71090,14,Kolkata,Mobile,1,Card,14,4757,0,0
T1232,43354,7,Bangalore,Laptop,0,NetBanking,61,1083,0,0
T1233,87627,19,Kolkata,Mobile,0,UPI,0,645,0,0
T1234,62799,13,Hyderabad,Laptop,0,NetBanking,97,1205,0,0
T1235,92761,6,Mumbai,Mobile,1,NetBanking,30,3875,0,0
T1236,27488,5,Delhi,Tablet,0,NetBanking,90,3739,1,0
T1237,11457,19,Hyderabad,Mobile,0,NetBanking,21,3656,0,0
T1238,8051,17,Bangalore,Laptop,0,NetBanking,42,541,0,0
T1239,51802,1,Mumbai,Laptop,1,UPI,38,1605,1,1
T1240,48617,16,Bangalore,Mobile,1,NetBanking,68,3831,0,0
T1241,67187,18,Bangalore,Tablet,0,Card,72,1549,0,0
T1242,57708,10,Mumbai,Tablet,1,UPI,63,2821,0,0
T1243,45312,5,Hyderabad,Mobile,0,UPI,96,2474,1,0
T1244,23588,0,Delhi,Tablet,0,Card,3,3431,1,0
T1245,76000,17,Hyderabad,Mobile,0,NetBanking,58,1667,0,0
T1246,10500,9,Delhi,Mobile,0,Card,99,3753,0,0
T1247,5683,1,Delhi,Mobile,0,UPI,87,1179,1,0
T1248,77339,17,Delhi,Tablet,0,NetBanking,42,394,0,0
T1249,37152,9,Bangalore,Laptop,1,NetBanking,17,1018,0,0
T1250,77081,18,Bangalore,Tablet,0,NetBanking,97,925,0,0
T1251,36647,2,Kolkata,Mobile,1,Card,17,4665,1,0
T1252,16676,3,Delhi,Tablet,1,Card,51,2510,1,0
T1253,67456,20,Hyderabad,Laptop,0,NetBanking,8,1967,0,0
T1254,7565,18,Bangalore,Tablet,0,NetBanking,69,3299,0,0
T1255,92791,23,Hyderabad,Mobile,0,Card,71,340,1,0
T1256,70267,14,Bangalore,Tablet,0,NetBanking,85,3868,0,0
T1257,42010,2,Bangalore,Mobile,0,NetBanking,92,3705,1,0
T1258,78382,19,Delhi,Mobile,1,NetBanking,40,2701,0,0
T1259,84677,0,Mumbai,Mobile,1,Card,17,3930,1,1
T1260,41181,16,Kolkata,Laptop,0,Card,86,1330,0,0
T1261,83153,23,Kolkata,Laptop,0,NetBanking,55,2010,1,0
T1262,24566,11,Delhi,Laptop,0,NetBanking,0,3648,0,0
T1263,35625,4,Delhi,Tablet,0,Card,0,1651,1,0
T1264,74319,21,Bangalore,Tablet,0,UPI,79,4260,0,0
T1265,49837,10,Mumbai,Mobile,0,Card,58,634,0,0
T1266,85482,11,Bangalore,Laptop,0,UPI,78,1104,0,0
T1267,43559,13,Hyderabad,Mobile,0,Card,70,4803,0,0
T1268,32869,9,Hyderabad,Mobile,0,UPI,80,2799,0,0
T1269,5369,8,Kolkata,Mobile,0,NetBanking,53,4946,0,0
T1270,76376,5,Delhi,Laptop,0,Card,5,3268,1,0
T1271,71034,22,Bangalore,Tablet,0,Card,6,4018,0,0
T1272,83087,0,Bangalore,Tablet,0,NetBanking,54,803,1,0
T1273,38206,4,Hyderabad,Tablet,0,Card,54,4794,1,0
T1274,9097,22,Delhi,Laptop,0,NetBanking,28,3325,0,0
T1275,59570,2,Mumbai,Laptop,0,NetBanking,33,2828,1,0
T1276,61178,6,Mumbai,Tablet,1,NetBanking,31,2741,0,0
T1277,3214,6,Kolkata,Mobile,1,UPI,60,1303,0,0
T1278,35433,6,Hyderabad,Mobile,0,Card,89,4421,0,0
T1279,96071,20,Mumbai,Tablet,0,NetBanking,80,3268,0,0
T1280,10413,18,Mumbai,Mobile,0,Card,41,4251,0,0
T1281,19084,14,Mumbai,Laptop,0,UPI,27,4003,0,0
T1282,69201,17,Bangalore,Tablet,0,UPI,35,2160,0,0
T1283,15730,22,Bangalore,Tablet,0,NetBanking,62,1092,0,0
T1284,72494,9,Bangalore,Laptop,0,NetBanking,47,4622,0,0
T1285,19672,5,Mumbai,Laptop,0,UPI,87,4561,1,0
T1286,15579,0,Mumbai,Mobile,0,NetBanking,56,3301,1,0
T1287,17372,23,Hyderabad,Tablet,0,NetBanking,80,4312,1,0
T1288,23445,15,Hyderabad,Laptop,0,UPI,57,1838,0,0
T1289,67000,20,Kolkata,Mobile,0,NetBanking,28,251,0,0
T1290,90797,12,Bangalore,Mobile,1,Card,41,595,0,0
T1291,44855,4,Bangalore,Laptop,0,Card,16,2220,1,0
T1292,35953,16,Bangalore,Laptop,0,UPI,3,4754,0,0
T1293,22734,11,Kolkata,Laptop,0,Card,78,254,0,0
T1294,40818,4,Delhi,Tablet,1,NetBanking,89,4924,1,0
T1295,42237,13,Hyderabad,Mobile,1,Card,81,1816,0,0
T1296,63556,9,Delhi,Mobile,0,Card,32,4372,0,0
T1297,93090,2,Kolkata,Mobile,0,NetBanking,54,765,1,0
T1298,19910,7,Bangalore,Tablet,0,NetBanking,6,1169,0,0
T1299,84369,3,Mumbai,Tablet,1,NetBanking,60,1252,1,1
T1300,15996,9,Kolkata,Tablet,0,UPI,15,2589,0,0
T1301,73003,6,Hyderabad,Laptop,0,UPI,15,4343,0,0
T1302,79283,6,Delhi,Laptop,0,Card,42,2813,0,0
T1303,45354,0,Bangalore,Mobile,0,UPI,44,823,1,0
T1304,68646,19,Mumbai,Tablet,0,UPI,25,2606,0,0
T1305,99941,13,Bangalore,Laptop,1,UPI,48,1263,0,0
T1306,21309,11,Delhi,Mobile,0,NetBanking,77,1851,0,0
T1307,35809,1,Delhi,Tablet,0,UPI,20,2059,1,0
T1308,83621,9,Mumbai,Mobile,1,UPI,78,3376,0,0
T1309,47994,16,Kolkata,Tablet,1,Card,1,1399,0,0
T1310,5094,22,Kolkata,Mobile,0,UPI,65,1635,0,0
T1311,32455,13,Kolkata,Laptop,0,UPI,33,3727,0,0
T1312,90449,5,Bangalore,Mobile,0,NetBanking,99,377,1,0
T1313,3189,11,Delhi,Tablet,1,Card,93,3222,0,0
T1314,70826,15,Bangalore,Laptop,0,NetBanking,83,915,0,0
T1315,60138,4,Bangalore,Tablet,0,Card,63,1510,1,0
T1316,12765,4,Bangalore,Mobile,0,Card,36,1132,1,0
T1317,36210,2,Hyderabad,Mobile,0,Card,16,4600,1,0
T1318,66808,10,Delhi,Mobile,0,Card,87,3040,0,0
T1319,8838,22,Mumbai,Mobile,1,Card,13,2925,0,0
T1320,85743,5,Kolkata,Laptop,0,NetBanking,33,3340,1,0
T1321,72301,16,Delhi,Tablet,0,Card,61,3906,0,0
T1322,982,0,Bangalore,Laptop,0,UPI,3,3085,1,0
T1323,30925,20,Delhi,Laptop,0,NetBanking,3,2997,0,0
T1324,2344,18,Delhi,Laptop,1,NetBanking,80,429,0,0
T1325,50117,5,Delhi,Mobile,0,UPI,50,3438,1,0
T1326,65052,11,Mumbai,Laptop,0,UPI,7,1774,0,0
T1327,76511,20,Delhi,Laptop,0,UPI,84,2359,0,0
T1328,9427,7,Delhi,Mobile,0,Card,75,2400,0,0
T1329,54897,15,Delhi,Mobile,0,UPI,84,953,0,0
T1330,20216,11,Mumbai,Mobile,0,UPI,38,3191,0,0
T1331,31035,22,Mumbai,Tablet,0,UPI,0,4605,0,0
T1332,46601,5,Kolkata,Laptop,0,UPI,43,4281,1,0
T1333,84623,9,Delhi,Laptop,1,NetBanking,5,1780,0,0
T1334,62614,17,Hyderabad,Tablet,0,NetBanking,50,169,0,0
T1335,85944,6,Kolkata,Mobile,0,UPI,58,2879,0,0
T1336,86940,19,Mumbai,Laptop,1,UPI,47,1421,0,0
T1337,51582,9,Mumbai,Tablet,0,NetBanking,51,3965,0,0
T1338,24700,10,Bangalore,Mobile,0,Card,56,279,0,0
T1339,41402,6,Delhi,Laptop,0,Card,84,4725,0,0
T1340,31506,0,Mumbai,Tablet,0,Card,83,3974,1,0
T1341,86550,17,Delhi,Tablet,0,Card,17,2769,0,0
T1342,40801,23,Bangalore,Laptop,0,Card,29,408,1,0
T1343,31725,22,Delhi,Tablet,0,NetBanking,10,293,0,0
T1344,52509,3,Hyderabad,Mobile,0,NetBanking,12,3979,1,0
T1345,81831,9,Mumbai,Mobile,0,Card,93,1053,0,0
T1346,46430,21,Kolkata,Tablet,0,Card,11,4987,0,0
T1347,33413,20,Delhi,Mobile,0,Card,17,4252,0,0
T1348,96467,4,Bangalore,Mobile,0,NetBanking,53,1462,1,0
T1349,59264,2,Bangalore,Tablet,1,UPI,57,1373,1,1
T1350,3426,11,Bangalore,Laptop,1,Card,27,2736,0,0
T1351,47688,21,Hyderabad,Mobile,0,UPI,6,4477,0,0
T1352,52411,11,Mumbai,Mobile,0,Card,39,353,0,0
T1353,87327,8,Bangalore,Laptop,0,NetBanking,12,3501,0,0
T1354,2992,8,Bangalore,Mobile,0,Card,49,754,0,0
T1355,54733,23,Delhi,Mobile,1,UPI,39,3071,1,1
T1356,29187,2,Kolkata,Tablet,0,UPI,99,1976,1,0
T1357,60201,0,Kolkata,Mobile,0,Card,25,3104,1,0
T1358,86536,22,Bangalore,Laptop,0,Card,90,1610,0,0
T1359,92171,12,Hyderabad,Laptop,0,UPI,15,1089,0,0
T1360,78112,3,Hyderabad,Mobile,1,UPI,30,4552,1,1
T1361,90467,15,Kolkata,Laptop,0,NetBanking,8,2671,0,0
T1362,69544,21,Hyderabad,Tablet,0,UPI,27,3483,0,0
T1363,82118,4,Bangalore,Tablet,1,Card,97,1968,1,1
T1364,96970,9,Bangalore,Tablet,0,Card,57,2737,0,0
T1365,72878,9,Bangalore,Tablet,0,Card,52,644,0,0
T1366,28842,23,Bangalore,Tablet,0,Card,50,3757,1,0
T1367,46862,14,Hyderabad,Tablet,0,Card,4,320,0,0
T1368,69302,21,Kolkata,Mobile,0,Card,11,1113,0,0
T1369,26727,17,Delhi,Tablet,0,UPI,35,4410,0,0
T1370,19503,1,Hyderabad,Tablet,1,Card,66,672,1,0
T1371,42392,17,Hyderabad,Laptop,0,UPI,62,4186,0,0
T1372,8517,8,Kolkata,Tablet,0,UPI,92,4624,0,0
T1373,90645,14,Delhi,Mobile,0,UPI,79,3240,0,0
T1374,19277,0,Mumbai,Tablet,0,NetBanking,89,2515,1,0
T1375,80830,23,Bangalore,Laptop,0,UPI,41,4756,1,0
T1376,71201,5,Bangalore,Laptop,0,UPI,3,532,1,0
T1377,935,6,Bangalore,Laptop,0,Card,48,4667,0,0
T1378,69451,22,Delhi,Tablet,0,NetBanking,30,3538,0,0
T1379,68243,18,Kolkata,Tablet,0,UPI,54,3899,0,0
T1380,86804,15,Bangalore,Mobile,0,NetBanking,76,4673,0,0
T1381,15439,3,Hyderabad,Mobile,0,NetBanking,85,3164,1,0
T1382,58197,22,Kolkata,Laptop,0,NetBanking,75,1434,0,0
T1383,87608,23,Kolkata,Mobile,0,Card,43,4026,1,0
T1384,3417,20,Mumbai,Tablet,0,NetBanking,22,264,0,0
T1385,59442,16,Mumbai,Laptop,0,Card,76,502,0,0
T1386,8705,12,Bangalore,Mobile,0,NetBanking,61,2567,0,0
T1387,33735,19,Hyderabad,Mobile,0,UPI,43,3932,0,0
T1388,72207,20,Mumbai,Mobile,0,NetBanking,33,4250,0,0
T1389,19523,9,Kolkata,Laptop,0,NetBanking,68,4061,0,0
T1390,79469,5,Hyderabad,Laptop,0,NetBanking,50,1316,1,0
T1391,82900,6,Delhi,Tablet,0,Card,29,4244,0,0
T1392,1268,4,Mumbai,Mobile,0,UPI,61,2626,1,0
T1393,43927,7,Mumbai,Laptop,0,UPI,62,2294,0,0
T1394,64917,0,Bangalore,Tablet,0,Card,96,545,1,0
T1395,39232,10,Kolkata,Mobile,0,Card,9,361,0,0
T1396,92060,0,Bangalore,Tablet,0,Card,90,191,1,0
T1397,69811,23,Delhi,Tablet,1,NetBanking,19,2633,1,1
T1398,33561,4,Bangalore,Laptop,0,UPI,17,4214,1,0
T1399,1507,0,Mumbai,Laptop,1,Card,2,3597,1,0
T1400,86392,2,Hyderabad,Tablet,0,UPI,66,1276,1,0
T1401,78562,12,Kolkata,Mobile,0,NetBanking,54,2831,0,0
T1402,96464,1,Delhi,Laptop,0,NetBanking,54,472,1,0
T1403,97328,16,Kolkata,Laptop,1,Card,80,2656,0,0
T1404,62885,18,Bangalore,Laptop,1,UPI,6,3289,0,0
T1405,41762,9,Kolkata,Laptop,1,NetBanking,19,2476,0,0
T1406,25716,14,Delhi,Laptop,0,NetBanking,61,1652,0,0
T1407,31656,6,Hyderabad,Laptop,1,Card,70,1204,0,0
T1408,71306,3,Delhi,Tablet,0,NetBanking,3,4092,1,0
T1409,65320,11,Delhi,Mobile,1,NetBanking,28,2092,0,0
T1410,51112,17,Kolkata,Laptop,0,Card,82,879,0,0
T1411,8820,23,Mumbai,Tablet,1,NetBanking,22,308,1,0
T1412,21220,14,Kolkata,Laptop,0,NetBanking,8,2047,0,0
T1413,50171,2,Hyderabad,Mobile,0,NetBanking,82,1199,1,0
T1414,65271,0,Kolkata,Mobile,0,NetBanking,0,1645,1,0
T1415,66706,6,Hyderabad,Laptop,0,Card,17,2003,0,0
T1416,81937,17,Bangalore,Mobile,0,NetBanking,48,1088,0,0
T1417,29877,11,Mumbai,Tablet,0,NetBanking,94,1889,0,0
T1418,87301,6,Kolkata,Tablet,0,NetBanking,37,2540,0,0
T1419,31313,7,Delhi,Mobile,1,UPI,34,4789,0,0
T1420,51688,13,Delhi,Laptop,0,UPI,3,3639,0,0
T1421,95267,11,Delhi,Tablet,0,NetBanking,77,1273,0,0
T1422,77058,22,Mumbai,Tablet,0,NetBanking,37,3482,0,0
T1423,37031,14,Kolkata,Tablet,0,UPI,0,1258,0,0
T1424,87836,11,Bangalore,Mobile,1,Card,49,2957,0,0
T1425,91593,11,Kolkata,Laptop,0,Card,65,4781,0,0
T1426,23090,11,Bangalore,Mobile,1,Card,67,2474,0,0
T1427,33185,8,Hyderabad,Mobile,0,UPI,33,809,0,0
T1428,52809,12,Bangalore,Mobile,0,NetBanking,33,2703,0,0
T1429,83121,5,Kolkata,Laptop,1,UPI,31,2361,1,1
T1430,90041,9,Bangalore,Mobile,0,Card,75,3264,0,0
T1431,58131,16,Kolkata,Laptop,0,NetBanking,65,3175,0,0
T1432,6843,16,Delhi,Laptop,0,Card,82,424,0,0
T1433,92205,8,Hyderabad,Tablet,0,Card,82,4472,0,0
T1434,76411,5,Delhi,Laptop,1,Card,58,4454,1,1
T1435,89180,4,Hyderabad,Laptop,0,Card,53,1602,1,0
T1436,3227,11,Delhi,Laptop,0,Card,76,3495,0,0
T1437,91025,13,Hyderabad,Tablet,0,Card,5,1867,0,0
T1438,54612,2,Mumbai,Laptop,0,NetBanking,1,3932,1,0
T1439,32432,19,Kolkata,Laptop,0,NetBanking,91,4366,0,0
T1440,94302,21,Bangalore,Mobile,0,Card,54,934,0,0
T1441,8518,11,Kolkata,Mobile,0,UPI,83,3786,0,0
T1442,11914,12,Mumbai,Tablet,0,Card,52,592,0,0
T1443,7535,12,Kolkata,Tablet,1,NetBanking,96,4057,0,0
T1444,3507,12,Bangalore,Mobile,0,UPI,4,622,0,0
T1445,75745,6,Kolkata,Laptop,0,UPI,9,4045,0,0
T1446,54487,1,Hyderabad,Mobile,0,UPI,30,4176,1,0
T1447,99497,8,Bangalore,Tablet,0,UPI,19,2588,0,0
T1448,68421,17,Hyderabad,Laptop,0,UPI,11,2858,0,0
T1449,50826,16,Hyderabad,Mobile,0,NetBanking,69,4090,0,0
T1450,54462,13,Hyderabad,Tablet,0,UPI,1,4195,0,0
T1451,14649,19,Hyderabad,Mobile,0,Card,92,1707,0,0
T1452,93960,16,Delhi,Mobile,0,NetBanking,21,2280,0,0
T1453,60490,17,Delhi,Mobile,0,UPI,36,3926,0,0
T1454,94786,9,Kolkata,Tablet,0,Card,47,181,0,0
T1455,90298,0,Hyderabad,Tablet,0,NetBanking,34,3839,1,0
T1456,92609,12,Delhi,Tablet,0,Card,58,3546,0,0
T1457,13503,20,Bangalore,Mobile,0,Card,19,4033,0,0
T1458,3485,12,Kolkata,Tablet,0,Card,6,1682,0,0
T1459,33432,5,Bangalore,Tablet,0,Card,91,3736,1,0
T1460,55282,15,Kolkata,Tablet,0,UPI,8,448,0,0
T1461,94489,18,Bangalore,Mobile,0,Card,2,4224,0,0
T1462,35287,10,Delhi,Tablet,0,Card,57,3140,0,0
T1463,59512,6,Bangalore,Mobile,1,Card,45,4261,0,0
T1464,48391,10,Kolkata,Tablet,0,Card,64,546,0,0
T1465,28038,6,Delhi,Tablet,0,UPI,42,695,0,0
T1466,2086,18,Hyderabad,Tablet,0,NetBanking,63,1069,0,0
T1467,74408,8,Kolkata,Mobile,0,NetBanking,59,329,0,0
T1468,48642,9,Mumbai,Tablet,0,UPI,35,601,0,0
T1469,92344,16,Mumbai,Mobile,0,NetBanking,48,486,0,0
T1470,99373,4,Mumbai,Mobile,0,NetBanking,60,3152,1,0
T1471,44477,5,Hyderabad,Laptop,0,UPI,25,1707,1,0
T1472,15720,14,Hyderabad,Laptop,0,Card,0,3827,0,0
T1473,57702,19,Kolkata,Laptop,0,Card,12,987,0,0
T1474,8499,22,Bangalore,Mobile,0,Card,65,537,0,0
T1475,43262,5,Bangalore,Mobile,0,NetBanking,61,4553,1,0
T1476,11537,10,Hyderabad,Laptop,0,Card,96,4824,0,0
T1477,80803,5,Mumbai,Laptop,0,UPI,62,1571,1,0
T1478,94555,19,Hyderabad,Mobile,0,Card,45,2178,0,0
T1479,58965,15,Kolkata,Tablet,0,NetBanking,93,1517,0,0
T1480,30592,21,Hyderabad,Laptop,0,UPI,83,3033,0,0
T1481,50090,22,Bangalore,Mobile,0,UPI,92,947,0,0
T1482,70409,13,Mumbai,Mobile,1,UPI,72,3420,0,0
T1483,10850,23,Mumbai,Tablet,1,NetBanking,28,4118,1,0
T1484,38926,7,Bangalore,Laptop,0,NetBanking,4,3818,0,0
T1485,13063,8,Bangalore,Mobile,0,UPI,45,2981,0,0
T1486,76412,8,Delhi,Tablet,1,Card,0,3597,0,0
T1487,82967,21,Hyderabad,Tablet,0,NetBanking,5,736,0,0
T1488,33432,1,Kolkata,Tablet,0,NetBanking,81,3770,1,0
T1489,91237,11,Delhi,Mobile,0,NetBanking,19,4731,0,0
T1490,9683,19,Kolkata,Mobile,0,UPI,80,4823,0,0
T1491,78672,8,Mumbai,Tablet,0,UPI,45,1454,0,0
T1492,70971,21,Kolkata,Mobile,0,Card,44,2992,0,0
T1493,59940,23,Delhi,Tablet,0,UPI,34,1659,1,0
T1494,39551,3,Delhi,Tablet,1,UPI,15,3742,1,0
T1495,96598,21,Hyderabad,Mobile,1,Card,14,4165,0,0
T1496,92964,14,Mumbai,Laptop,0,UPI,67,1422,0,0
T1497,22440,2,Delhi,Mobile,0,Card,74,1605,1,0
T1498,74954,8,Kolkata,Laptop,0,Card,86,4454,0,0
T1499,85807,6,Mumbai,Tablet,1,UPI,32,275,0,0
T1500,32434,1,Kolkata,Laptop,1,NetBanking,70,4099,1,0
